Timestamp,Parrot X,Parrot Y,Parrot Z,Anafi X,Anafi Y,Anafi Z,Relative Pos Real X,Relative Pos Real Y,Relative Pos Real Z,Relative Pos Yolo X,Relative Pos Yolo Y,Relative Pos Yolo Z,Input X,Input Y,Input Z
0.0,1.94,-0.461,1.035,-1.419,-0.329,0.963,3.358,-0.132,0.072,3.49,-0.259,0.24,0,0,0
0.04,1.938,-0.457,1.035,-1.418,-0.327,0.964,3.357,-0.131,0.071,3.464,-0.238,0.22,15,-11,7
0.08,1.932,-0.44,1.035,-1.415,-0.323,0.973,3.347,-0.116,0.061,3.576,-0.231,0.212,16,-10,7
0.12,1.93,-0.433,1.034,-1.413,-0.321,0.979,3.343,-0.112,0.056,3.576,-0.231,0.212,16,-10,6
0.16,1.927,-0.425,1.033,-1.41,-0.318,0.988,3.337,-0.108,0.045,3.588,-0.22,0.195,16,-11,6
0.2,1.924,-0.419,1.032,-1.406,-0.317,1.0,3.33,-0.102,0.033,3.522,-0.205,0.179,16,-10,5
0.24000000000000002,1.92,-0.411,1.031,-1.398,-0.319,1.016,3.317,-0.092,0.015,3.458,-0.191,0.168,14,-8,4
0.28,1.917,-0.406,1.031,-1.391,-0.32,1.025,3.308,-0.086,0.006,3.458,-0.191,0.168,10,-7,4
0.32,1.912,-0.395,1.03,-1.375,-0.324,1.041,3.287,-0.071,-0.01,3.393,-0.165,0.144,8,-6,4
0.36,1.907,-0.384,1.031,-1.358,-0.33,1.052,3.266,-0.053,-0.021,3.393,-0.165,0.144,5,-3,3
0.39999999999999997,1.902,-0.37,1.031,-1.341,-0.337,1.061,3.244,-0.033,-0.03,3.352,-0.154,0.124,1,-1,2
0.43999999999999995,1.9,-0.362,1.032,-1.332,-0.341,1.066,3.232,-0.022,-0.034,3.351,-0.148,0.117,1,-1,2
0.4799999999999999,1.892,-0.336,1.033,-1.305,-0.351,1.076,3.197,0.016,-0.043,3.262,-0.112,0.092,-3,2,1
0.5199999999999999,1.885,-0.31,1.034,-1.283,-0.361,1.083,3.168,0.05,-0.048,3.199,-0.099,0.084,-7,3,1
0.5599999999999999,1.875,-0.274,1.036,-1.261,-0.37,1.088,3.135,0.096,-0.052,3.209,-0.062,0.071,-8,5,1
0.6,1.868,-0.25,1.036,-1.241,-0.38,1.093,3.109,0.13,-0.057,3.185,0.001,0.053,-8,4,1
0.64,1.862,-0.225,1.037,-1.226,-0.387,1.096,3.087,0.162,-0.059,3.16,0.022,0.048,-11,8,1
0.68,1.847,-0.17,1.038,-1.195,-0.4,1.102,3.042,0.23,-0.064,3.143,0.042,0.044,-10,8,1
0.7200000000000001,1.84,-0.143,1.038,-1.181,-0.406,1.105,3.021,0.263,-0.067,3.023,0.067,0.039,-12,8,1
0.7600000000000001,1.827,-0.096,1.038,-1.16,-0.414,1.108,2.987,0.319,-0.07,3.025,0.105,0.032,-12,8,1
0.8000000000000002,1.822,-0.076,1.037,-1.147,-0.419,1.11,2.969,0.343,-0.072,2.967,0.126,0.03,-12,8,1
0.8400000000000002,1.814,-0.046,1.037,-1.135,-0.424,1.113,2.948,0.378,-0.076,3.063,0.157,0.031,-13,9,0
0.8800000000000002,1.804,-0.011,1.037,-1.114,-0.43,1.116,2.918,0.42,-0.079,2.989,0.196,0.027,-12,10,0
0.9200000000000003,1.8,0.006,1.038,-1.106,-0.432,1.117,2.906,0.438,-0.079,2.989,0.196,0.027,-12,10,0
0.9600000000000003,1.789,0.046,1.04,-1.088,-0.437,1.12,2.878,0.482,-0.08,2.902,0.276,0.019,-10,8,1
1.0000000000000002,1.782,0.075,1.041,-1.078,-0.438,1.122,2.859,0.513,-0.081,2.936,0.331,0.011,-10,11,0
1.0400000000000003,1.773,0.113,1.043,-1.068,-0.438,1.123,2.84,0.551,-0.081,2.962,0.361,0.008,-11,13,0
1.0800000000000003,1.763,0.155,1.044,-1.058,-0.437,1.126,2.821,0.592,-0.082,2.88,0.392,0.002,-11,11,0
1.1200000000000003,1.755,0.193,1.045,-1.051,-0.435,1.127,2.806,0.628,-0.082,2.844,0.425,0.001,-12,13,0
1.1600000000000004,1.749,0.216,1.046,-1.048,-0.433,1.128,2.798,0.649,-0.083,2.924,0.479,-0.002,-12,13,0
1.2000000000000004,1.733,0.287,1.048,-1.041,-0.423,1.13,2.774,0.711,-0.082,2.924,0.479,-0.002,-7,11,0
1.2400000000000004,1.726,0.318,1.049,-1.039,-0.417,1.131,2.765,0.735,-0.082,2.846,0.516,-0.005,-6,11,0
1.2800000000000005,1.719,0.348,1.05,-1.037,-0.411,1.132,2.757,0.758,-0.082,2.846,0.516,-0.005,-8,10,0
1.3200000000000005,1.707,0.397,1.051,-1.035,-0.398,1.133,2.742,0.795,-0.081,2.834,0.622,-0.002,-9,10,0
1.3600000000000005,1.701,0.424,1.052,-1.035,-0.389,1.133,2.736,0.813,-0.081,2.785,0.641,-0.003,-9,14,0
1.4000000000000006,1.695,0.45,1.053,-1.035,-0.379,1.134,2.73,0.829,-0.08,2.731,0.659,-0.008,-8,11,0
1.4400000000000006,1.686,0.488,1.055,-1.036,-0.363,1.134,2.721,0.851,-0.079,2.744,0.711,-0.01,-9,11,0
1.4800000000000006,1.678,0.52,1.057,-1.037,-0.348,1.135,2.716,0.868,-0.078,2.669,0.709,-0.009,-10,14,-1
1.5200000000000007,1.669,0.56,1.059,-1.039,-0.332,1.136,2.708,0.892,-0.077,2.725,0.763,-0.01,-10,11,-1
1.5600000000000007,1.664,0.581,1.061,-1.041,-0.321,1.136,2.706,0.902,-0.075,2.672,0.759,-0.007,-10,14,-1
1.6000000000000008,1.653,0.629,1.064,-1.047,-0.291,1.136,2.7,0.92,-0.072,2.732,0.802,-0.01,-8,11,0
1.6400000000000008,1.647,0.655,1.066,-1.051,-0.275,1.135,2.698,0.931,-0.069,2.732,0.802,-0.01,-7,11,0
1.6800000000000008,1.635,0.706,1.069,-1.06,-0.24,1.134,2.695,0.947,-0.065,2.699,0.815,-0.008,-9,11,0
1.7200000000000009,1.626,0.742,1.07,-1.069,-0.212,1.134,2.695,0.954,-0.064,2.668,0.812,-0.007,-6,11,0
1.760000000000001,1.619,0.777,1.071,-1.078,-0.182,1.134,2.697,0.958,-0.063,2.725,0.863,-0.007,-5,12,0
1.800000000000001,1.61,0.814,1.072,-1.089,-0.15,1.134,2.699,0.964,-0.062,2.758,0.89,-0.007,-3,12,0
1.840000000000001,1.607,0.83,1.072,-1.097,-0.128,1.134,2.703,0.958,-0.062,2.771,0.899,-0.006,-2,12,0
1.880000000000001,1.599,0.864,1.072,-1.111,-0.088,1.135,2.709,0.952,-0.062,2.685,0.885,-0.004,-1,12,0
1.920000000000001,1.591,0.898,1.073,-1.124,-0.051,1.135,2.715,0.95,-0.062,2.715,0.899,-0.002,-3,12,0
1.960000000000001,1.584,0.927,1.074,-1.139,-0.006,1.135,2.723,0.933,-0.061,2.743,0.909,-0.001,-1,8,0
2.000000000000001,1.577,0.96,1.076,-1.156,0.041,1.134,2.733,0.919,-0.058,2.724,0.894,0.003,1,4,0
2.040000000000001,1.573,0.978,1.076,-1.164,0.069,1.134,2.737,0.909,-0.057,2.724,0.894,0.003,-1,4,0
2.080000000000001,1.566,1.008,1.077,-1.181,0.119,1.133,2.747,0.889,-0.055,2.698,0.844,0.005,-1,3,0
2.120000000000001,1.562,1.024,1.077,-1.19,0.148,1.132,2.752,0.876,-0.055,2.698,0.844,0.005,-2,-1,0
2.160000000000001,1.557,1.047,1.077,-1.202,0.185,1.132,2.759,0.862,-0.055,2.765,0.839,0.007,1,1,0
2.200000000000001,1.554,1.062,1.077,-1.214,0.223,1.131,2.768,0.839,-0.054,2.765,0.839,0.007,1,-1,0
2.240000000000001,1.549,1.085,1.085,-1.23,0.275,1.131,2.778,0.81,-0.046,2.765,0.839,0.007,1,-1,0
2.280000000000001,1.546,1.097,1.098,-1.24,0.306,1.132,2.786,0.792,-0.033,2.803,0.824,0.014,1,-1,0
2.320000000000001,1.543,1.111,1.123,-1.252,0.343,1.132,2.795,0.768,-0.009,2.798,0.764,0.019,1,-3,0
2.360000000000001,1.539,1.127,1.149,-1.263,0.38,1.133,2.802,0.747,0.016,2.774,0.74,0.016,1,-5,1
2.4000000000000012,1.535,1.145,1.167,-1.28,0.432,1.134,2.815,0.713,0.032,2.795,0.698,0.021,4,-5,1
2.4400000000000013,1.533,1.155,1.171,-1.292,0.469,1.136,2.825,0.686,0.035,2.837,0.691,0.032,1,-3,1
2.4800000000000013,1.532,1.162,1.172,-1.3,0.491,1.136,2.831,0.671,0.036,2.838,0.677,0.046,2,-4,1
2.5200000000000014,1.529,1.178,1.173,-1.312,0.533,1.139,2.841,0.645,0.033,2.801,0.633,0.081,5,-7,2
2.5600000000000014,1.528,1.186,1.172,-1.324,0.569,1.141,2.852,0.616,0.031,2.881,0.633,0.098,1,-6,2
2.6000000000000014,1.525,1.2,1.184,-1.341,0.624,1.146,2.866,0.576,0.038,2.886,0.605,0.115,5,-8,4
2.6400000000000015,1.525,1.205,1.196,-1.347,0.645,1.148,2.871,0.56,0.047,2.861,0.577,0.121,4,-6,4
2.6800000000000015,1.524,1.211,1.218,-1.354,0.672,1.152,2.878,0.539,0.066,2.894,0.564,0.119,4,-11,3
2.7200000000000015,1.523,1.22,1.288,-1.37,0.724,1.161,2.893,0.496,0.127,2.863,0.496,0.118,4,-8,4
2.7600000000000016,1.522,1.224,1.336,-1.377,0.75,1.167,2.899,0.474,0.168,2.881,0.475,0.118,4,-10,3
2.8000000000000016,1.521,1.229,1.41,-1.388,0.787,1.176,2.908,0.442,0.234,2.888,0.454,0.119,2,-10,2
2.8400000000000016,1.52,1.231,1.444,-1.393,0.805,1.181,2.913,0.426,0.263,2.912,0.396,0.151,3,-10,2
2.8800000000000017,1.519,1.235,1.504,-1.403,0.84,1.19,2.923,0.395,0.314,2.964,0.383,0.175,2,-11,3
2.9200000000000017,1.519,1.24,1.555,-1.415,0.88,1.2,2.934,0.36,0.355,2.992,0.366,0.205,6,-12,5
2.9600000000000017,1.519,1.243,1.578,-1.422,0.907,1.208,2.941,0.336,0.371,3.054,0.342,0.285,6,-13,7
3.0000000000000018,1.519,1.245,1.591,-1.429,0.927,1.216,2.948,0.318,0.375,2.999,0.308,0.356,8,-10,8
3.040000000000002,1.52,1.247,1.599,-1.435,0.947,1.225,2.954,0.301,0.374,2.999,0.308,0.356,7,-10,10
3.080000000000002,1.521,1.251,1.613,-1.444,0.979,1.245,2.965,0.271,0.368,2.986,0.249,0.464,8,-10,12
3.120000000000002,1.522,1.252,1.625,-1.448,0.996,1.258,2.97,0.256,0.366,2.986,0.249,0.464,5,-10,13
3.160000000000002,1.524,1.254,1.651,-1.456,1.025,1.287,2.979,0.23,0.364,2.937,0.224,0.477,6,-9,13
3.200000000000002,1.524,1.255,1.66,-1.458,1.036,1.301,2.983,0.219,0.359,2.938,0.214,0.479,2,-9,12
3.240000000000002,1.527,1.257,1.676,-1.464,1.067,1.346,2.992,0.19,0.33,2.994,0.205,0.488,3,-8,12
3.280000000000002,1.528,1.257,1.68,-1.467,1.08,1.366,2.995,0.177,0.314,3.117,0.173,0.497,7,-7,12
3.320000000000002,1.531,1.258,1.686,-1.47,1.102,1.4,3.0,0.156,0.286,3.101,0.122,0.487,6,-9,12
3.360000000000002,1.533,1.257,1.689,-1.471,1.118,1.43,3.004,0.139,0.259,3.081,0.086,0.465,1,-7,12
3.400000000000002,1.535,1.257,1.693,-1.472,1.137,1.464,3.007,0.12,0.229,3.158,0.071,0.463,4,-8,12
3.440000000000002,1.536,1.256,1.695,-1.471,1.144,1.479,3.007,0.112,0.216,3.143,0.054,0.446,6,-9,11
3.480000000000002,1.538,1.255,1.701,-1.471,1.156,1.504,3.009,0.099,0.197,3.105,0.032,0.427,4,-9,10
3.5200000000000022,1.541,1.254,1.709,-1.469,1.171,1.537,3.01,0.082,0.172,3.071,-0.014,0.374,3,-9,10
3.5600000000000023,1.543,1.252,1.713,-1.467,1.184,1.563,3.01,0.068,0.15,3.072,-0.027,0.358,1,-9,9
3.6000000000000023,1.545,1.249,1.717,-1.463,1.196,1.593,3.009,0.053,0.124,3.183,-0.048,0.335,8,-10,8
3.6400000000000023,1.548,1.247,1.719,-1.46,1.206,1.616,3.008,0.04,0.103,3.088,-0.06,0.311,1,-9,7
3.6800000000000024,1.55,1.243,1.721,-1.455,1.215,1.637,3.006,0.028,0.084,3.098,-0.069,0.302,1,-8,8
3.7200000000000024,1.553,1.24,1.723,-1.45,1.224,1.66,3.002,0.016,0.063,3.129,-0.075,0.291,1,-9,7
3.7600000000000025,1.554,1.238,1.725,-1.446,1.227,1.672,3.0,0.011,0.052,3.172,-0.082,0.235,1,-7,8
3.8000000000000025,1.556,1.236,1.732,-1.442,1.231,1.685,2.998,0.005,0.046,3.111,-0.084,0.216,3,-8,6
3.8400000000000025,1.558,1.231,1.759,-1.435,1.236,1.712,2.993,-0.005,0.047,3.039,-0.087,0.188,-1,-6,5
3.8800000000000026,1.558,1.23,1.762,-1.434,1.236,1.715,2.992,-0.006,0.047,3.039,-0.087,0.188,-2,-5,3
3.9200000000000026,1.561,1.225,1.779,-1.426,1.239,1.737,2.987,-0.014,0.042,3.083,-0.103,0.152,-1,-6,3
3.9600000000000026,1.562,1.222,1.783,-1.422,1.239,1.745,2.984,-0.017,0.037,3.067,-0.109,0.136,-2,-4,2
4.000000000000003,1.564,1.217,1.786,-1.415,1.239,1.757,2.979,-0.022,0.029,3.033,-0.118,0.129,-1,-4,2
4.040000000000003,1.565,1.216,1.787,-1.413,1.239,1.76,2.977,-0.024,0.027,3.033,-0.118,0.129,-3,-4,2
4.080000000000003,1.567,1.211,1.788,-1.406,1.238,1.768,2.972,-0.027,0.02,3.09,-0.139,0.131,-3,-3,3
4.120000000000003,1.567,1.209,1.788,-1.403,1.237,1.772,2.97,-0.029,0.017,3.09,-0.139,0.131,-1,-4,3
4.160000000000003,1.569,1.204,1.789,-1.398,1.235,1.778,2.967,-0.031,0.011,2.959,-0.155,0.106,-6,-5,3
4.200000000000003,1.571,1.2,1.789,-1.394,1.233,1.783,2.965,-0.033,0.006,2.959,-0.155,0.106,-6,-4,3
4.240000000000003,1.573,1.193,1.79,-1.39,1.231,1.789,2.963,-0.038,0.0,3.005,-0.162,0.105,-5,-3,2
4.280000000000003,1.575,1.188,1.79,-1.387,1.229,1.795,2.962,-0.04,-0.005,3.005,-0.162,0.105,-3,-3,2
4.320000000000003,1.579,1.179,1.79,-1.383,1.225,1.801,2.962,-0.047,-0.011,2.978,-0.162,0.091,-3,-3,2
4.360000000000003,1.585,1.162,1.789,-1.379,1.22,1.809,2.963,-0.058,-0.02,2.989,-0.166,0.086,-4,-3,1
4.400000000000003,1.592,1.145,1.787,-1.375,1.215,1.814,2.967,-0.071,-0.027,2.978,-0.16,0.079,-3,-3,1
4.440000000000003,1.597,1.133,1.786,-1.374,1.212,1.817,2.97,-0.08,-0.032,2.939,-0.159,0.073,-4,-2,1
4.480000000000003,1.604,1.115,1.784,-1.371,1.208,1.821,2.975,-0.093,-0.038,2.939,-0.159,0.073,-4,-2,1
4.520000000000003,1.61,1.097,1.781,-1.369,1.202,1.825,2.98,-0.105,-0.044,2.905,-0.162,0.062,-4,-2,1
4.560000000000003,1.614,1.09,1.78,-1.369,1.2,1.827,2.982,-0.11,-0.047,3.092,-0.186,0.056,-4,-2,1
4.600000000000003,1.622,1.067,1.776,-1.367,1.192,1.832,2.989,-0.125,-0.055,3.008,-0.202,0.048,-1,-3,1
4.640000000000003,1.625,1.057,1.774,-1.367,1.189,1.833,2.992,-0.132,-0.059,3.008,-0.202,0.048,-1,-3,1
4.680000000000003,1.631,1.04,1.772,-1.366,1.182,1.837,2.998,-0.142,-0.065,3.178,-0.257,0.03,1,-3,1
4.720000000000003,1.638,1.02,1.768,-1.367,1.175,1.84,3.004,-0.155,-0.071,3.068,-0.255,0.027,2,-4,0
4.760000000000003,1.644,1.001,1.765,-1.367,1.169,1.842,3.011,-0.168,-0.077,3.067,-0.259,0.025,2,-4,0
4.800000000000003,1.65,0.982,1.763,-1.367,1.164,1.843,3.017,-0.181,-0.08,3.001,-0.265,0.015,1,-4,0
4.840000000000003,1.657,0.961,1.759,-1.367,1.159,1.843,3.024,-0.198,-0.084,2.988,-0.268,0.013,-1,-5,0
4.8800000000000034,1.675,0.907,1.753,-1.366,1.145,1.844,3.041,-0.238,-0.092,3.028,-0.302,0.001,-1,-5,0
4.9200000000000035,1.683,0.885,1.75,-1.365,1.139,1.845,3.048,-0.255,-0.095,2.967,-0.316,-0.004,1,-7,0
4.9600000000000035,1.69,0.863,1.748,-1.365,1.135,1.845,3.055,-0.273,-0.098,3.089,-0.346,-0.008,-2,-5,0
5.0000000000000036,1.699,0.836,1.745,-1.363,1.126,1.846,3.063,-0.291,-0.102,3.135,-0.378,-0.01,4,-8,-1
5.040000000000004,1.706,0.814,1.743,-1.363,1.12,1.847,3.069,-0.306,-0.105,3.191,-0.405,-0.014,4,-8,-1
5.080000000000004,1.717,0.779,1.739,-1.362,1.108,1.848,3.079,-0.329,-0.109,3.218,-0.423,-0.015,7,-9,-1
5.120000000000004,1.723,0.76,1.736,-1.361,1.101,1.847,3.084,-0.341,-0.11,3.208,-0.432,-0.017,8,-8,-1
5.160000000000004,1.729,0.742,1.735,-1.36,1.093,1.845,3.089,-0.352,-0.111,3.052,-0.465,-0.024,7,-8,-1
5.200000000000004,1.738,0.711,1.732,-1.359,1.079,1.844,3.096,-0.368,-0.112,3.127,-0.491,-0.027,4,-9,-1
5.240000000000004,1.742,0.694,1.731,-1.357,1.07,1.844,3.099,-0.376,-0.113,3.221,-0.521,-0.032,4,-9,-1
5.280000000000004,1.748,0.669,1.73,-1.354,1.055,1.844,3.102,-0.385,-0.114,3.275,-0.544,-0.035,7,-9,-1
5.320000000000004,1.751,0.658,1.729,-1.353,1.047,1.844,3.104,-0.39,-0.115,3.279,-0.556,-0.038,8,-9,-1
5.360000000000004,1.758,0.631,1.728,-1.348,1.031,1.844,3.106,-0.4,-0.116,3.282,-0.566,-0.038,8,-9,-1
5.400000000000004,1.765,0.602,1.727,-1.342,1.006,1.845,3.107,-0.404,-0.118,3.254,-0.586,-0.04,7,-10,-1
5.440000000000004,1.771,0.576,1.726,-1.336,0.987,1.845,3.107,-0.411,-0.12,3.274,-0.596,-0.042,7,-9,-1
5.480000000000004,1.782,0.535,1.725,-1.328,0.962,1.846,3.11,-0.428,-0.122,3.249,-0.602,-0.046,8,-9,-1
5.520000000000004,1.797,0.481,1.723,-1.313,0.924,1.849,3.11,-0.443,-0.126,3.35,-0.628,-0.05,6,-9,-2
5.560000000000004,1.804,0.455,1.722,-1.307,0.908,1.849,3.111,-0.452,-0.127,3.07,-0.586,-0.049,8,-9,-2
5.600000000000004,1.816,0.41,1.722,-1.295,0.878,1.849,3.111,-0.468,-0.127,3.133,-0.611,-0.053,-2,-7,-2
5.640000000000004,1.826,0.373,1.722,-1.283,0.851,1.848,3.109,-0.478,-0.126,3.135,-0.618,-0.054,-2,-7,-1
5.680000000000004,1.834,0.343,1.722,-1.274,0.832,1.848,3.108,-0.489,-0.126,3.148,-0.629,-0.055,-3,-4,-1
5.720000000000004,1.842,0.309,1.722,-1.26,0.799,1.846,3.102,-0.49,-0.124,3.215,-0.651,-0.058,1,-7,-2
5.760000000000004,1.851,0.271,1.722,-1.247,0.77,1.846,3.098,-0.499,-0.123,3.246,-0.672,-0.058,4,-5,-2
5.800000000000004,1.855,0.255,1.722,-1.239,0.75,1.844,3.094,-0.495,-0.122,3.246,-0.672,-0.058,1,-5,-1
5.840000000000004,1.863,0.217,1.722,-1.224,0.715,1.839,3.088,-0.497,-0.117,3.333,-0.717,-0.06,4,-5,-1
5.880000000000004,1.87,0.187,1.723,-1.212,0.683,1.835,3.082,-0.496,-0.113,3.298,-0.715,-0.056,4,-4,-1
5.920000000000004,1.875,0.162,1.723,-1.202,0.657,1.832,3.078,-0.494,-0.109,3.238,-0.706,-0.056,-1,-3,-1
5.960000000000004,1.878,0.148,1.724,-1.198,0.641,1.83,3.076,-0.493,-0.106,3.261,-0.721,-0.058,1,-4,-1
6.000000000000004,1.884,0.113,1.724,-1.186,0.603,1.827,3.07,-0.491,-0.102,3.201,-0.722,-0.052,2,-4,-1
6.0400000000000045,1.886,0.099,1.724,-1.181,0.581,1.825,3.067,-0.482,-0.101,3.201,-0.722,-0.052,1,-4,-1
6.0800000000000045,1.89,0.071,1.724,-1.17,0.541,1.823,3.059,-0.47,-0.099,3.227,-0.745,-0.049,3,-4,-1
6.1200000000000045,1.892,0.059,1.725,-1.166,0.524,1.822,3.057,-0.465,-0.098,3.227,-0.745,-0.049,1,-3,-1
6.160000000000005,1.897,0.029,1.724,-1.156,0.482,1.821,3.053,-0.453,-0.097,3.234,-0.742,-0.035,4,-3,-1
6.200000000000005,1.903,-0.004,1.722,-1.148,0.44,1.819,3.05,-0.444,-0.097,3.406,-0.774,-0.036,5,-1,-1
6.240000000000005,1.907,-0.024,1.721,-1.144,0.417,1.818,3.05,-0.441,-0.097,3.315,-0.748,-0.034,9,-2,-1
6.280000000000005,1.91,-0.041,1.72,-1.14,0.399,1.817,3.05,-0.44,-0.097,3.345,-0.749,-0.033,8,-3,-1
6.320000000000005,1.922,-0.09,1.716,-1.128,0.35,1.814,3.05,-0.44,-0.098,3.355,-0.715,-0.035,1,-1,-1
6.360000000000005,1.934,-0.138,1.713,-1.117,0.314,1.811,3.051,-0.452,-0.098,3.361,-0.705,-0.034,7,1,-1
6.400000000000005,1.943,-0.169,1.711,-1.107,0.284,1.809,3.05,-0.452,-0.098,3.328,-0.695,-0.031,5,-1,-1
6.440000000000005,1.95,-0.193,1.709,-1.099,0.266,1.807,3.049,-0.458,-0.098,3.334,-0.693,-0.03,5,-1,-1
6.480000000000005,1.965,-0.245,1.707,-1.085,0.23,1.804,3.051,-0.475,-0.097,3.313,-0.69,-0.03,3,-1,-1
6.520000000000005,1.986,-0.311,1.704,-1.067,0.189,1.799,3.053,-0.5,-0.096,3.014,-0.649,-0.022,-7,-1,0
6.560000000000005,1.999,-0.351,1.702,-1.057,0.167,1.797,3.056,-0.517,-0.094,3.11,-0.673,-0.026,-8,1,-1
6.600000000000005,2.023,-0.422,1.7,-1.036,0.125,1.794,3.059,-0.547,-0.094,3.238,-0.717,-0.022,-8,-1,0
6.640000000000005,2.043,-0.483,1.699,-1.019,0.089,1.794,3.062,-0.572,-0.095,3.235,-0.742,-0.023,-3,-1,-1
6.680000000000005,2.065,-0.55,1.697,-1.002,0.053,1.793,3.068,-0.603,-0.096,3.187,-0.789,-0.022,-1,-3,-1
6.720000000000005,2.077,-0.587,1.696,-0.992,0.03,1.792,3.07,-0.617,-0.096,3.187,-0.789,-0.022,-4,-5,-1
6.760000000000005,2.094,-0.639,1.695,-0.974,-0.013,1.79,3.068,-0.626,-0.095,3.113,-0.812,-0.021,-3,-4,-1
6.800000000000005,2.104,-0.672,1.694,-0.966,-0.037,1.788,3.07,-0.635,-0.094,3.048,-0.815,-0.023,-8,-4,0
6.840000000000005,2.121,-0.727,1.693,-0.949,-0.079,1.785,3.07,-0.648,-0.092,3.074,-0.834,-0.024,-6,-6,-1
6.880000000000005,2.132,-0.764,1.692,-0.938,-0.11,1.783,3.07,-0.654,-0.09,3.148,-0.893,-0.027,-7,-4,0
6.920000000000005,2.146,-0.812,1.691,-0.924,-0.153,1.78,3.069,-0.66,-0.089,3.177,-0.926,-0.023,-1,-12,-1
6.960000000000005,2.156,-0.852,1.691,-0.913,-0.19,1.777,3.069,-0.662,-0.087,2.993,-0.871,-0.019,-1,-12,-1
7.000000000000005,2.166,-0.889,1.69,-0.902,-0.227,1.773,3.068,-0.662,-0.083,2.993,-0.871,-0.019,-7,-5,0
7.040000000000005,2.172,-0.912,1.69,-0.895,-0.253,1.77,3.067,-0.659,-0.08,3.081,-0.908,-0.018,-7,-5,0
7.080000000000005,2.181,-0.951,1.69,-0.884,-0.299,1.765,3.066,-0.651,-0.075,3.196,-0.951,-0.017,-1,-12,0
7.120000000000005,2.186,-0.971,1.69,-0.878,-0.328,1.763,3.064,-0.644,-0.073,3.149,-0.942,-0.016,1,-7,0
7.1600000000000055,2.19,-0.986,1.689,-0.875,-0.347,1.761,3.065,-0.639,-0.071,3.16,-0.945,-0.016,-1,-3,0
7.2000000000000055,2.197,-1.02,1.688,-0.866,-0.397,1.756,3.064,-0.623,-0.068,3.204,-0.963,-0.014,3,-9,0
7.2400000000000055,2.201,-1.037,1.688,-0.862,-0.426,1.754,3.063,-0.611,-0.066,3.24,-0.974,-0.012,5,-10,0
7.280000000000006,2.207,-1.066,1.687,-0.855,-0.478,1.75,3.062,-0.588,-0.062,3.192,-0.954,-0.005,9,-8,0
7.320000000000006,2.211,-1.085,1.688,-0.85,-0.515,1.747,3.061,-0.57,-0.059,3.185,-0.947,-0.005,4,-7,0
7.360000000000006,2.214,-1.104,1.688,-0.846,-0.555,1.745,3.059,-0.549,-0.057,3.169,-0.912,0.002,1,-1,0
7.400000000000006,2.214,-1.122,1.688,-0.841,-0.594,1.744,3.055,-0.528,-0.057,3.183,-0.907,0.004,3,-1,0
7.440000000000006,2.211,-1.147,1.685,-0.835,-0.643,1.745,3.046,-0.503,-0.059,3.108,-0.873,0.003,3,1,0
7.480000000000006,2.207,-1.16,1.684,-0.83,-0.685,1.744,3.037,-0.475,-0.06,3.211,-0.871,0.005,1,3,0
7.520000000000006,2.201,-1.179,1.683,-0.823,-0.736,1.743,3.024,-0.443,-0.061,3.211,-0.871,0.005,3,4,0
7.560000000000006,2.196,-1.191,1.682,-0.819,-0.769,1.741,3.015,-0.422,-0.059,3.162,-0.813,0.007,1,7,0
7.600000000000006,2.189,-1.211,1.682,-0.811,-0.83,1.74,3.0,-0.381,-0.058,3.048,-0.747,0.008,-4,8,1
7.640000000000006,2.181,-1.232,1.683,-0.802,-0.891,1.739,2.984,-0.341,-0.056,3.13,-0.707,0.006,-2,9,0
7.680000000000006,2.178,-1.243,1.684,-0.796,-0.941,1.737,2.974,-0.302,-0.053,3.182,-0.696,0.007,-1,11,0
7.720000000000006,2.175,-1.25,1.686,-0.793,-0.966,1.735,2.968,-0.284,-0.049,3.182,-0.696,0.007,2,11,1
7.760000000000006,2.169,-1.265,1.69,-0.786,-1.023,1.731,2.955,-0.242,-0.041,3.027,-0.622,0.007,-1,10,1
7.800000000000006,2.161,-1.277,1.691,-0.779,-1.072,1.728,2.94,-0.206,-0.037,3.097,-0.576,0.013,-5,14,0
7.840000000000006,2.151,-1.287,1.691,-0.775,-1.109,1.727,2.926,-0.178,-0.036,3.097,-0.576,0.013,-1,12,1
7.880000000000006,2.134,-1.303,1.691,-0.766,-1.166,1.724,2.899,-0.137,-0.033,3.043,-0.469,0.02,-3,13,1
7.920000000000006,2.125,-1.311,1.692,-0.761,-1.194,1.724,2.886,-0.116,-0.032,3.201,-0.442,0.025,-3,12,1
7.960000000000006,2.11,-1.323,1.693,-0.754,-1.233,1.724,2.864,-0.089,-0.03,3.041,-0.396,0.03,3,14,1
8.000000000000005,2.099,-1.333,1.696,-0.746,-1.277,1.724,2.845,-0.056,-0.028,3.116,-0.382,0.034,-1,14,1
8.040000000000004,2.087,-1.344,1.7,-0.739,-1.318,1.724,2.826,-0.026,-0.025,3.133,-0.345,0.038,-2,12,1
8.080000000000004,2.073,-1.355,1.703,-0.731,-1.356,1.725,2.805,0.001,-0.022,3.048,-0.323,0.04,-2,12,1
8.120000000000003,2.063,-1.361,1.703,-0.726,-1.386,1.725,2.788,0.025,-0.022,3.069,-0.295,0.041,-1,11,1
8.160000000000002,2.054,-1.366,1.703,-0.722,-1.406,1.725,2.775,0.04,-0.022,2.985,-0.277,0.044,-1,10,1
8.200000000000001,2.035,-1.372,1.7,-0.715,-1.437,1.725,2.75,0.065,-0.025,3.02,-0.26,0.043,-5,9,1
8.24,2.019,-1.376,1.698,-0.71,-1.461,1.726,2.728,0.085,-0.028,3.032,-0.245,0.042,-2,9,1
8.28,2.008,-1.379,1.697,-0.706,-1.476,1.726,2.715,0.097,-0.029,2.933,-0.206,0.041,-2,9,1
8.319999999999999,1.993,-1.384,1.695,-0.7,-1.501,1.727,2.693,0.117,-0.032,3.033,-0.138,0.04,-7,9,1
8.359999999999998,1.987,-1.386,1.694,-0.698,-1.511,1.727,2.685,0.126,-0.033,2.933,-0.101,0.038,-2,9,1
8.399999999999997,1.975,-1.39,1.693,-0.693,-1.533,1.729,2.668,0.143,-0.036,2.933,-0.101,0.038,-6,9,1
8.439999999999996,1.965,-1.392,1.692,-0.689,-1.553,1.731,2.655,0.16,-0.039,2.822,0.002,0.03,-7,10,1
8.479999999999995,1.961,-1.393,1.692,-0.687,-1.563,1.732,2.648,0.17,-0.039,2.822,0.002,0.03,-8,11,1
8.519999999999994,1.953,-1.39,1.692,-0.685,-1.577,1.733,2.638,0.187,-0.041,2.754,0.062,0.03,-9,10,1
8.559999999999993,1.942,-1.382,1.693,-0.683,-1.591,1.735,2.625,0.209,-0.043,2.729,0.08,0.027,-10,11,1
8.599999999999993,1.931,-1.371,1.694,-0.683,-1.601,1.738,2.613,0.23,-0.044,2.726,0.106,0.02,-10,10,1
8.639999999999992,1.912,-1.349,1.695,-0.684,-1.612,1.74,2.596,0.263,-0.045,2.719,0.124,0.016,-9,9,0
8.67999999999999,1.899,-1.333,1.696,-0.685,-1.617,1.741,2.585,0.284,-0.045,2.683,0.133,0.016,-9,9,0
8.71999999999999,1.889,-1.319,1.696,-0.687,-1.62,1.742,2.576,0.301,-0.045,2.742,0.153,0.012,-10,9,0
8.75999999999999,1.87,-1.296,1.697,-0.693,-1.624,1.742,2.563,0.328,-0.045,2.726,0.164,0.01,-8,9,0
8.799999999999988,1.853,-1.275,1.697,-0.7,-1.626,1.742,2.553,0.351,-0.045,2.799,0.204,0.007,-6,8,0
8.839999999999987,1.842,-1.262,1.697,-0.707,-1.626,1.741,2.549,0.364,-0.044,2.799,0.204,0.007,-4,9,0
8.879999999999987,1.826,-1.245,1.698,-0.717,-1.625,1.741,2.544,0.38,-0.043,2.677,0.271,0.002,-5,8,0
8.919999999999986,1.818,-1.237,1.698,-0.726,-1.624,1.74,2.544,0.387,-0.042,2.684,0.305,0.0,-6,9,0
8.959999999999985,1.807,-1.226,1.699,-0.738,-1.621,1.739,2.545,0.396,-0.04,2.684,0.305,0.0,-4,9,0
8.999999999999984,1.801,-1.22,1.7,-0.742,-1.62,1.738,2.544,0.4,-0.039,2.727,0.33,-0.0,-2,9,0
9.039999999999983,1.788,-1.207,1.701,-0.76,-1.614,1.735,2.548,0.407,-0.034,2.727,0.355,0.001,-1,9,0
9.079999999999982,1.776,-1.193,1.702,-0.773,-1.607,1.733,2.549,0.414,-0.031,2.72,0.385,0.002,-1,9,0
9.119999999999981,1.767,-1.183,1.702,-0.783,-1.602,1.731,2.55,0.42,-0.029,2.648,0.386,0.005,-1,9,1
9.15999999999998,1.75,-1.163,1.702,-0.799,-1.592,1.727,2.55,0.429,-0.025,2.648,0.391,0.008,-5,9,1
9.19999999999998,1.73,-1.138,1.703,-0.821,-1.577,1.725,2.551,0.438,-0.022,2.599,0.397,0.016,-5,8,1
9.239999999999979,1.721,-1.128,1.7,-0.83,-1.569,1.724,2.551,0.441,-0.023,2.658,0.426,0.02,-6,8,1
9.279999999999978,1.709,-1.113,1.688,-0.844,-1.556,1.723,2.553,0.443,-0.035,2.658,0.426,0.02,-4,8,1
9.319999999999977,1.701,-1.103,1.671,-0.854,-1.546,1.722,2.554,0.443,-0.051,2.643,0.441,0.027,-4,8,1
9.359999999999976,1.69,-1.089,1.633,-0.868,-1.532,1.721,2.557,0.442,-0.089,2.647,0.449,0.03,-4,8,1
9.399999999999975,1.679,-1.075,1.576,-0.882,-1.515,1.72,2.561,0.44,-0.143,2.612,0.462,0.031,-4,8,1
9.439999999999975,1.668,-1.06,1.492,-0.899,-1.494,1.717,2.567,0.434,-0.225,2.557,0.454,0.017,-6,7,1
9.479999999999974,1.665,-1.056,1.468,-0.902,-1.491,1.717,2.567,0.435,-0.249,2.557,0.454,0.017,-7,7,1
9.519999999999973,1.656,-1.043,1.391,-0.923,-1.466,1.714,2.579,0.422,-0.323,2.59,0.459,-0.012,-6,5,0
9.559999999999972,1.653,-1.038,1.365,-0.93,-1.456,1.713,2.583,0.418,-0.348,2.54,0.447,-0.036,-6,4,0
9.599999999999971,1.647,-1.03,1.326,-0.946,-1.435,1.711,2.593,0.405,-0.385,2.486,0.436,-0.061,-8,1,-1
9.63999999999997,1.643,-1.025,1.31,-0.957,-1.42,1.71,2.6,0.396,-0.399,2.47,0.434,-0.094,-8,1,-1
9.67999999999997,1.636,-1.017,1.297,-0.98,-1.39,1.706,2.616,0.374,-0.408,2.449,0.399,-0.249,-9,-1,-7
9.719999999999969,1.634,-1.014,1.295,-0.989,-1.379,1.704,2.623,0.365,-0.409,2.401,0.382,-0.28,-9,-1,-8
9.759999999999968,1.63,-1.011,1.293,-1.001,-1.364,1.7,2.631,0.353,-0.407,2.452,0.384,-0.315,-8,-2,-10
9.799999999999967,1.625,-1.006,1.289,-1.023,-1.336,1.688,2.647,0.33,-0.399,2.432,0.374,-0.333,-8,-3,-10
9.839999999999966,1.62,-1.002,1.285,-1.042,-1.312,1.673,2.662,0.31,-0.388,2.432,0.369,-0.347,-8,-3,-10
9.879999999999965,1.618,-0.999,1.28,-1.055,-1.296,1.661,2.673,0.297,-0.381,2.517,0.353,-0.374,-8,-3,-9
9.919999999999964,1.615,-0.996,1.261,-1.076,-1.272,1.642,2.691,0.276,-0.38,2.463,0.344,-0.367,-7,-4,-10
9.959999999999964,1.612,-0.994,1.24,-1.091,-1.256,1.629,2.702,0.263,-0.389,2.455,0.332,-0.36,-6,-4,-9
9.999999999999963,1.609,-0.99,1.187,-1.117,-1.229,1.605,2.726,0.239,-0.417,2.476,0.302,-0.346,-4,-5,-9
10.039999999999962,1.608,-0.988,1.161,-1.129,-1.217,1.594,2.737,0.229,-0.433,2.476,0.302,-0.346,-5,-5,-9
10.079999999999961,1.606,-0.985,1.102,-1.16,-1.188,1.568,2.766,0.203,-0.465,2.506,0.273,-0.33,-4,-6,-8
10.11999999999996,1.605,-0.984,1.076,-1.185,-1.167,1.548,2.79,0.183,-0.472,2.557,0.258,-0.34,-1,-5,-9
10.15999999999996,1.603,-0.984,1.064,-1.21,-1.148,1.529,2.813,0.163,-0.465,2.674,0.241,-0.376,2,-4,-10
10.199999999999958,1.602,-0.985,1.057,-1.239,-1.127,1.506,2.841,0.142,-0.45,2.698,0.219,-0.422,3,-5,-11
10.239999999999958,1.601,-0.986,1.052,-1.265,-1.109,1.483,2.865,0.123,-0.431,2.669,0.187,-0.436,3,-5,-12
10.279999999999957,1.599,-0.986,1.047,-1.294,-1.091,1.453,2.892,0.104,-0.405,2.761,0.182,-0.448,5,-5,-12
10.319999999999956,1.596,-0.984,1.042,-1.318,-1.075,1.425,2.914,0.091,-0.382,2.778,0.16,-0.434,7,-5,-11
10.359999999999955,1.594,-0.98,1.039,-1.334,-1.065,1.405,2.928,0.085,-0.366,2.754,0.151,-0.419,8,-4,-11
10.399999999999954,1.591,-0.975,1.036,-1.349,-1.056,1.387,2.94,0.082,-0.351,2.81,0.134,-0.399,9,-6,-10
10.439999999999953,1.586,-0.962,1.031,-1.372,-1.043,1.36,2.957,0.081,-0.329,2.833,0.126,-0.388,9,-5,-10
10.479999999999952,1.576,-0.938,1.026,-1.399,-1.028,1.326,2.975,0.09,-0.3,2.864,0.107,-0.343,9,-4,-8
10.519999999999952,1.566,-0.914,1.023,-1.418,-1.017,1.301,2.984,0.104,-0.279,2.855,0.1,-0.327,8,-4,-8
10.55999999999995,1.553,-0.879,1.019,-1.439,-1.006,1.274,2.991,0.128,-0.256,2.968,0.101,-0.304,9,-4,-7
10.59999999999995,1.544,-0.855,1.017,-1.449,-1.001,1.261,2.993,0.145,-0.244,2.942,0.097,-0.29,10,-3,-7
10.639999999999949,1.528,-0.812,1.013,-1.466,-0.991,1.237,2.993,0.179,-0.224,2.93,0.1,-0.274,8,-2,-7
10.679999999999948,1.52,-0.793,1.012,-1.472,-0.988,1.229,2.992,0.195,-0.217,2.798,0.104,-0.225,8,-2,-7
10.719999999999947,1.506,-0.755,1.008,-1.483,-0.981,1.212,2.989,0.226,-0.204,2.821,0.118,-0.211,1,-1,-4
10.759999999999946,1.497,-0.731,1.006,-1.49,-0.977,1.201,2.987,0.246,-0.195,2.876,0.132,-0.204,1,-1,-4
10.799999999999946,1.484,-0.696,1.003,-1.499,-0.97,1.187,2.983,0.275,-0.184,3.002,0.169,-0.191,7,1,-5
10.839999999999945,1.476,-0.674,1.0,-1.504,-0.966,1.179,2.981,0.293,-0.178,2.934,0.187,-0.178,6,2,-6
10.879999999999944,1.469,-0.653,0.999,-1.509,-0.962,1.171,2.978,0.309,-0.173,2.993,0.233,-0.165,3,2,-4
10.919999999999943,1.453,-0.608,0.995,-1.518,-0.952,1.153,2.972,0.344,-0.158,2.852,0.271,-0.143,2,4,-2
10.959999999999942,1.447,-0.589,0.994,-1.522,-0.947,1.146,2.969,0.359,-0.153,2.745,0.303,-0.123,-1,7,-3
10.999999999999941,1.439,-0.562,0.991,-1.526,-0.94,1.137,2.965,0.378,-0.146,2.783,0.321,-0.12,-5,7,-3
11.03999999999994,1.432,-0.539,0.989,-1.529,-0.935,1.131,2.961,0.396,-0.142,2.845,0.343,-0.118,-3,7,-3
11.07999999999994,1.424,-0.511,0.986,-1.535,-0.925,1.123,2.959,0.414,-0.136,2.964,0.397,-0.109,1,9,-3
11.119999999999939,1.418,-0.491,0.984,-1.537,-0.919,1.118,2.955,0.428,-0.134,2.836,0.411,-0.093,1,9,-3
11.159999999999938,1.413,-0.475,0.982,-1.539,-0.916,1.116,2.952,0.441,-0.134,2.836,0.411,-0.093,-4,9,-2
11.199999999999937,1.4,-0.434,0.977,-1.546,-0.901,1.106,2.946,0.468,-0.129,2.773,0.426,-0.086,-6,8,-2
11.239999999999936,1.391,-0.407,0.975,-1.55,-0.894,1.102,2.941,0.486,-0.128,2.706,0.422,-0.081,-7,8,-2
11.279999999999935,1.377,-0.364,0.971,-1.556,-0.881,1.097,2.933,0.517,-0.127,2.746,0.435,-0.081,-6,8,-2
11.319999999999935,1.369,-0.341,0.969,-1.559,-0.874,1.095,2.928,0.534,-0.126,2.746,0.435,-0.081,-6,8,-2
11.359999999999934,1.355,-0.301,0.966,-1.566,-0.862,1.092,2.92,0.561,-0.126,2.882,0.469,-0.079,1,8,-2
11.399999999999933,1.33,-0.23,0.963,-1.578,-0.84,1.087,2.907,0.61,-0.125,2.91,0.51,-0.075,3,9,-2
11.439999999999932,1.313,-0.185,0.961,-1.587,-0.824,1.085,2.9,0.639,-0.124,2.846,0.512,-0.073,3,8,-2
11.479999999999931,1.296,-0.134,0.959,-1.599,-0.803,1.081,2.895,0.668,-0.122,2.797,0.564,-0.065,1,8,-2
11.51999999999993,1.283,-0.094,0.958,-1.609,-0.783,1.078,2.892,0.69,-0.12,2.734,0.605,-0.065,-1,9,-2
11.55999999999993,1.275,-0.068,0.958,-1.616,-0.77,1.076,2.891,0.703,-0.118,2.734,0.605,-0.065,-3,9,-2
11.599999999999929,1.262,-0.023,0.958,-1.627,-0.75,1.074,2.889,0.726,-0.115,2.786,0.638,-0.065,-3,9,-2
11.639999999999928,1.253,0.012,0.96,-1.638,-0.725,1.072,2.891,0.737,-0.112,2.847,0.666,-0.066,1,10,-2
11.679999999999927,1.246,0.041,0.961,-1.647,-0.705,1.069,2.892,0.746,-0.108,2.862,0.711,-0.063,1,10,-2
11.719999999999926,1.237,0.08,0.964,-1.659,-0.676,1.066,2.896,0.756,-0.102,2.936,0.76,-0.062,1,11,-2
11.759999999999925,1.234,0.096,0.965,-1.664,-0.663,1.064,2.897,0.759,-0.1,2.931,0.772,-0.061,4,11,-1
11.799999999999924,1.226,0.132,0.967,-1.673,-0.636,1.062,2.9,0.767,-0.095,2.888,0.777,-0.053,5,8,-1
11.839999999999923,1.22,0.16,0.976,-1.685,-0.603,1.059,2.905,0.763,-0.084,2.869,0.785,-0.045,3,11,-1
11.879999999999923,1.217,0.178,0.989,-1.69,-0.584,1.059,2.907,0.763,-0.07,2.869,0.785,-0.045,2,10,-1
11.919999999999922,1.213,0.195,1.011,-1.697,-0.562,1.057,2.91,0.758,-0.047,2.849,0.785,-0.041,1,10,-1
11.959999999999921,1.208,0.219,1.058,-1.705,-0.53,1.055,2.913,0.749,0.003,2.849,0.785,-0.041,1,10,-1
11.99999999999992,1.204,0.234,1.1,-1.711,-0.508,1.053,2.915,0.741,0.047,2.831,0.774,-0.035,-1,10,-1
12.03999999999992,1.198,0.254,1.179,-1.717,-0.473,1.051,2.916,0.727,0.128,2.864,0.781,-0.028,-1,4,-1
12.079999999999918,1.191,0.275,1.286,-1.726,-0.431,1.048,2.917,0.706,0.238,2.896,0.789,-0.02,-1,3,-1
12.119999999999918,1.187,0.287,1.344,-1.731,-0.403,1.044,2.919,0.691,0.3,2.916,0.79,-0.004,1,3,0
12.159999999999917,1.184,0.299,1.398,-1.736,-0.378,1.041,2.92,0.677,0.356,2.909,0.783,0.047,1,1,2
12.199999999999916,1.181,0.308,1.434,-1.74,-0.358,1.04,2.92,0.666,0.394,2.909,0.783,0.047,1,1,2
12.239999999999915,1.173,0.339,1.532,-1.753,-0.284,1.036,2.926,0.623,0.496,3.026,0.783,0.229,2,-1,5
12.279999999999914,1.17,0.356,1.562,-1.76,-0.244,1.04,2.93,0.6,0.521,3.127,0.772,0.407,7,1,10
12.319999999999913,1.168,0.367,1.574,-1.764,-0.218,1.047,2.932,0.585,0.527,3.289,0.797,0.482,9,-1,12
12.359999999999912,1.167,0.377,1.582,-1.769,-0.191,1.054,2.935,0.568,0.529,3.439,0.818,0.556,14,1,16
12.399999999999912,1.165,0.389,1.589,-1.773,-0.16,1.069,2.939,0.549,0.521,3.273,0.774,0.577,17,2,16
12.43999999999991,1.165,0.407,1.596,-1.781,-0.108,1.102,2.945,0.515,0.494,3.149,0.699,0.65,10,1,15
12.47999999999991,1.165,0.415,1.598,-1.785,-0.08,1.122,2.95,0.495,0.476,3.008,0.646,0.65,9,-1,15
12.519999999999909,1.165,0.427,1.6,-1.788,-0.041,1.156,2.953,0.468,0.444,2.994,0.624,0.648,4,-6,15
12.559999999999908,1.166,0.434,1.601,-1.789,-0.015,1.178,2.954,0.449,0.423,3.03,0.615,0.654,4,-4,15
12.599999999999907,1.167,0.44,1.602,-1.789,0.006,1.195,2.955,0.434,0.407,2.983,0.592,0.64,1,-7,15
12.639999999999906,1.169,0.452,1.603,-1.788,0.059,1.24,2.956,0.393,0.363,3.06,0.572,0.636,2,-8,15
12.679999999999906,1.171,0.463,1.602,-1.785,0.105,1.281,2.956,0.358,0.321,3.146,0.528,0.599,3,-7,14
12.719999999999905,1.173,0.468,1.602,-1.784,0.125,1.298,2.956,0.343,0.304,3.191,0.493,0.564,4,-8,14
12.759999999999904,1.177,0.477,1.6,-1.78,0.169,1.339,2.957,0.308,0.262,3.191,0.493,0.564,5,-8,13
12.799999999999903,1.18,0.481,1.6,-1.779,0.188,1.356,2.959,0.293,0.244,3.108,0.434,0.51,5,-8,13
12.839999999999902,1.19,0.491,1.598,-1.775,0.231,1.394,2.965,0.26,0.203,3.11,0.394,0.465,2,-11,12
12.879999999999901,1.195,0.495,1.597,-1.774,0.248,1.41,2.97,0.247,0.186,3.082,0.371,0.438,1,-13,10
12.9199999999999,1.215,0.507,1.594,-1.77,0.288,1.446,2.985,0.218,0.149,3.02,0.343,0.409,1,-10,11
12.9599999999999,1.237,0.517,1.595,-1.766,0.331,1.484,3.003,0.186,0.111,3.055,0.26,0.32,-1,-12,9
12.999999999999899,1.251,0.522,1.594,-1.764,0.352,1.502,3.015,0.171,0.092,3.055,0.26,0.32,-1,-12,7
13.039999999999898,1.275,0.532,1.593,-1.76,0.385,1.533,3.035,0.147,0.061,3.112,0.23,0.282,1,-11,7
13.079999999999897,1.298,0.542,1.592,-1.757,0.416,1.559,3.055,0.126,0.033,3.079,0.19,0.217,-2,-10,6
13.119999999999896,1.314,0.549,1.59,-1.754,0.438,1.576,3.068,0.111,0.014,3.137,0.176,0.208,1,-11,4
13.159999999999895,1.325,0.554,1.589,-1.753,0.454,1.588,3.078,0.1,0.0,3.166,0.17,0.185,3,-11,4
13.199999999999894,1.336,0.559,1.587,-1.751,0.469,1.6,3.087,0.091,-0.013,3.139,0.16,0.166,4,-9,4
13.239999999999894,1.353,0.568,1.584,-1.748,0.493,1.617,3.102,0.075,-0.033,3.114,0.147,0.129,3,-10,3
13.279999999999893,1.363,0.572,1.583,-1.747,0.507,1.626,3.11,0.065,-0.043,3.08,0.142,0.096,3,-10,2
13.319999999999892,1.372,0.575,1.581,-1.745,0.519,1.634,3.117,0.056,-0.053,3.07,0.138,0.083,1,-9,1
13.359999999999891,1.39,0.576,1.579,-1.741,0.542,1.647,3.131,0.033,-0.068,3.156,0.142,0.058,4,-7,1
13.39999999999989,1.406,0.573,1.578,-1.737,0.558,1.654,3.143,0.014,-0.077,3.118,0.139,0.037,2,-7,0
13.43999999999989,1.415,0.57,1.577,-1.735,0.568,1.658,3.149,0.003,-0.081,3.155,0.135,0.028,4,-6,0
13.479999999999889,1.423,0.568,1.576,-1.732,0.576,1.66,3.155,-0.008,-0.085,3.285,0.132,0.009,4,-5,0
13.519999999999888,1.431,0.566,1.575,-1.73,0.585,1.662,3.162,-0.019,-0.087,3.279,0.123,0.005,8,-5,0
13.559999999999887,1.445,0.563,1.573,-1.724,0.596,1.665,3.169,-0.034,-0.092,3.264,0.107,-0.0,7,-4,0
13.599999999999886,1.452,0.561,1.572,-1.721,0.603,1.667,3.173,-0.042,-0.094,3.286,0.061,-0.013,7,-3,0
13.639999999999885,1.464,0.559,1.572,-1.715,0.613,1.669,3.179,-0.054,-0.097,3.337,0.025,-0.018,6,-6,-1
13.679999999999884,1.471,0.558,1.57,-1.711,0.619,1.669,3.182,-0.061,-0.099,3.346,0.001,-0.02,8,-4,-1
13.719999999999883,1.482,0.557,1.569,-1.705,0.626,1.669,3.187,-0.069,-0.1,3.264,-0.03,-0.025,9,-6,-1
13.759999999999883,1.49,0.557,1.568,-1.699,0.63,1.669,3.188,-0.074,-0.101,3.24,-0.05,-0.025,6,-5,-1
13.799999999999882,1.498,0.557,1.568,-1.693,0.634,1.669,3.191,-0.078,-0.101,3.334,-0.072,-0.03,4,-7,-1
13.83999999999988,1.521,0.557,1.57,-1.679,0.642,1.666,3.2,-0.084,-0.096,3.331,-0.089,-0.029,6,-6,-1
13.87999999999988,1.535,0.558,1.572,-1.67,0.645,1.665,3.205,-0.087,-0.093,3.331,-0.09,-0.028,6,-8,-1
13.91999999999988,1.543,0.558,1.572,-1.665,0.647,1.663,3.208,-0.089,-0.091,3.345,-0.092,-0.027,6,-6,-1
13.959999999999878,1.552,0.559,1.572,-1.659,0.649,1.662,3.211,-0.09,-0.09,3.356,-0.094,-0.025,6,-7,-1
13.999999999999877,1.576,0.56,1.574,-1.64,0.652,1.659,3.216,-0.092,-0.085,3.353,-0.095,-0.022,2,-3,0
14.039999999999877,1.587,0.561,1.574,-1.631,0.652,1.657,3.217,-0.091,-0.083,3.378,-0.092,-0.022,3,-3,0
14.079999999999876,1.599,0.561,1.574,-1.62,0.653,1.655,3.219,-0.091,-0.081,3.373,-0.095,-0.022,6,-6,0
14.119999999999875,1.613,0.562,1.573,-1.605,0.651,1.654,3.218,-0.089,-0.08,3.386,-0.1,-0.019,4,-3,0
14.159999999999874,1.624,0.563,1.572,-1.593,0.65,1.653,3.217,-0.087,-0.081,3.284,-0.093,-0.017,5,-3,-1
14.199999999999873,1.641,0.565,1.572,-1.575,0.646,1.652,3.216,-0.081,-0.08,3.36,-0.095,-0.014,4,-2,0
14.239999999999872,1.652,0.566,1.572,-1.563,0.643,1.652,3.215,-0.077,-0.08,3.293,-0.101,-0.016,1,-1,0
14.279999999999871,1.67,0.569,1.574,-1.545,0.638,1.652,3.216,-0.07,-0.078,3.229,-0.097,-0.013,-2,-1,0
14.31999999999987,1.688,0.571,1.576,-1.532,0.636,1.651,3.22,-0.064,-0.075,3.286,-0.074,-0.01,-3,-1,0
14.35999999999987,1.716,0.576,1.579,-1.511,0.63,1.65,3.227,-0.054,-0.071,3.306,-0.066,-0.01,1,-1,0
14.399999999999869,1.734,0.579,1.581,-1.498,0.626,1.65,3.232,-0.047,-0.069,3.253,-0.053,-0.006,-1,1,0
14.439999999999868,1.748,0.581,1.583,-1.49,0.624,1.65,3.238,-0.043,-0.067,3.358,-0.044,-0.003,-3,2,0
14.479999999999867,1.78,0.587,1.586,-1.472,0.62,1.649,3.252,-0.033,-0.063,3.416,-0.036,-0.001,4,1,0
14.519999999999866,1.813,0.593,1.59,-1.452,0.616,1.649,3.266,-0.022,-0.058,3.424,-0.017,0.003,2,2,0
14.559999999999865,1.836,0.598,1.592,-1.447,0.615,1.648,3.283,-0.017,-0.056,3.381,-0.026,-0.0,5,2,0
14.599999999999865,1.869,0.604,1.594,-1.427,0.609,1.649,3.296,-0.005,-0.055,3.542,-0.002,0.008,7,3,0
14.639999999999864,1.901,0.611,1.596,-1.41,0.606,1.649,3.311,0.005,-0.053,3.624,0.016,0.013,10,2,1
14.679999999999863,1.921,0.615,1.597,-1.399,0.604,1.649,3.32,0.01,-0.052,3.603,0.019,0.014,10,3,0
14.719999999999862,1.954,0.622,1.597,-1.378,0.6,1.65,3.332,0.021,-0.052,3.558,0.021,0.015,10,3,1
14.759999999999861,1.972,0.625,1.597,-1.367,0.6,1.65,3.339,0.025,-0.053,3.558,0.021,0.015,9,4,0
14.79999999999986,1.989,0.629,1.597,-1.355,0.599,1.65,3.344,0.03,-0.054,3.539,0.012,0.015,10,2,1
14.83999999999986,2.017,0.635,1.596,-1.334,0.597,1.653,3.351,0.038,-0.056,3.615,-0.001,0.019,11,1,1
14.879999999999859,2.041,0.641,1.597,-1.313,0.595,1.656,3.354,0.046,-0.059,3.615,-0.001,0.019,10,1,0
14.919999999999858,2.058,0.645,1.598,-1.299,0.595,1.656,3.357,0.05,-0.059,3.567,-0.004,0.021,8,1,0
14.959999999999857,2.081,0.65,1.599,-1.281,0.596,1.657,3.362,0.055,-0.057,3.572,-0.004,0.022,7,1,1
14.999999999999856,2.132,0.661,1.603,-1.242,0.597,1.657,3.374,0.065,-0.054,3.534,0.015,0.024,7,1,1
15.039999999999855,2.161,0.668,1.604,-1.219,0.596,1.659,3.38,0.072,-0.055,3.499,0.02,0.024,6,1,1
15.079999999999854,2.186,0.673,1.606,-1.202,0.597,1.661,3.388,0.076,-0.056,3.508,0.036,0.025,-1,1,1
15.119999999999854,2.227,0.682,1.607,-1.174,0.598,1.664,3.402,0.084,-0.057,3.489,0.043,0.026,1,1,1
15.159999999999853,2.273,0.692,1.611,-1.146,0.598,1.668,3.418,0.094,-0.057,3.478,0.074,0.026,-1,2,0
15.199999999999852,2.329,0.704,1.617,-1.118,0.599,1.671,3.447,0.105,-0.055,3.495,0.09,0.028,1,3,1
15.239999999999851,2.378,0.714,1.622,-1.089,0.599,1.674,3.467,0.115,-0.052,3.495,0.09,0.028,-1,3,1
15.27999999999985,2.41,0.721,1.624,-1.065,0.599,1.675,3.475,0.121,-0.051,3.515,0.112,0.029,1,3,1
15.31999999999985,2.44,0.727,1.626,-1.045,0.599,1.677,3.485,0.129,-0.051,3.471,0.118,0.023,-1,4,1
15.359999999999848,2.44,0.727,1.626,-1.045,0.599,1.677,3.485,0.129,-0.051,3.471,0.118,0.023,-2,5,1
15.399999999999848,2.519,0.744,1.629,-0.993,0.599,1.681,3.513,0.145,-0.052,3.503,0.127,0.025,4,5,1
15.439999999999847,2.545,0.75,1.631,-0.975,0.599,1.683,3.52,0.151,-0.052,3.544,0.151,0.022,1,5,0
15.479999999999846,2.587,0.76,1.632,-0.948,0.6,1.685,3.534,0.16,-0.053,3.566,0.164,0.019,2,6,0
15.519999999999845,2.609,0.765,1.632,-0.925,0.6,1.687,3.533,0.165,-0.055,3.551,0.168,0.018,4,6,0
15.559999999999844,2.624,0.769,1.632,-0.912,0.601,1.688,3.536,0.167,-0.056,3.534,0.173,0.018,2,6,0
15.599999999999843,2.66,0.778,1.632,-0.88,0.604,1.689,3.541,0.174,-0.057,3.491,0.177,0.016,2,5,1
15.639999999999842,2.682,0.782,1.633,-0.863,0.605,1.689,3.544,0.177,-0.057,3.506,0.175,0.016,1,5,0
15.679999999999842,2.713,0.791,1.635,-0.836,0.609,1.69,3.549,0.182,-0.056,3.482,0.188,0.017,-2,5,1
15.71999999999984,2.734,0.795,1.636,-0.818,0.612,1.692,3.552,0.184,-0.055,3.534,0.194,0.018,1,5,0
15.75999999999984,2.763,0.803,1.639,-0.792,0.617,1.694,3.556,0.187,-0.055,3.351,0.197,0.017,-2,4,0
15.799999999999839,2.768,0.805,1.639,-0.779,0.619,1.695,3.546,0.185,-0.056,3.351,0.197,0.017,-5,4,0
15.839999999999838,2.813,0.817,1.642,-0.744,0.628,1.697,3.556,0.189,-0.055,3.402,0.216,0.02,-1,4,0
15.879999999999837,2.833,0.824,1.644,-0.713,0.637,1.699,3.545,0.187,-0.055,3.452,0.217,0.02,-1,3,1
15.919999999999837,2.841,0.827,1.645,-0.699,0.641,1.7,3.541,0.186,-0.056,3.47,0.216,0.018,-1,3,1
15.959999999999836,2.854,0.832,1.646,-0.682,0.646,1.701,3.536,0.186,-0.056,3.407,0.212,0.017,2,3,1
15.999999999999835,2.869,0.838,1.647,-0.648,0.659,1.706,3.517,0.179,-0.058,3.374,0.204,0.014,-6,2,0
16.039999999999836,2.876,0.841,1.648,-0.633,0.666,1.707,3.509,0.175,-0.059,3.443,0.204,0.016,-2,1,0
16.079999999999835,2.885,0.846,1.648,-0.613,0.675,1.71,3.498,0.171,-0.061,3.437,0.202,0.015,2,1,0
16.119999999999834,2.892,0.849,1.649,-0.589,0.684,1.712,3.48,0.165,-0.063,3.437,0.202,0.015,-1,-1,0
16.159999999999833,2.899,0.855,1.65,-0.55,0.703,1.715,3.45,0.152,-0.065,3.458,0.201,0.011,2,1,0
16.199999999999832,2.9,0.856,1.65,-0.54,0.709,1.716,3.44,0.147,-0.066,3.518,0.204,0.01,3,1,0
16.23999999999983,2.896,0.858,1.649,-0.515,0.722,1.718,3.411,0.135,-0.068,3.391,0.191,0.007,3,-1,0
16.27999999999983,2.887,0.858,1.648,-0.494,0.734,1.719,3.381,0.124,-0.071,3.336,0.182,0.003,-1,-1,0
16.31999999999983,2.878,0.857,1.647,-0.479,0.742,1.72,3.358,0.115,-0.073,3.301,0.179,-0.002,-1,-1,0
16.35999999999983,2.87,0.856,1.646,-0.468,0.748,1.721,3.339,0.108,-0.074,3.301,0.179,-0.002,-4,-3,0
16.399999999999828,2.847,0.853,1.644,-0.443,0.761,1.722,3.289,0.091,-0.077,3.248,0.176,-0.006,-6,-2,0
16.439999999999827,2.805,0.845,1.641,-0.414,0.777,1.723,3.219,0.067,-0.082,3.199,0.171,-0.009,-8,-1,0
16.479999999999826,2.799,0.843,1.641,-0.408,0.781,1.723,3.207,0.062,-0.082,3.228,0.167,-0.01,-8,-1,0
16.519999999999825,2.77,0.837,1.639,-0.388,0.79,1.724,3.158,0.047,-0.085,3.204,0.162,-0.011,-7,-2,0
16.559999999999825,2.708,0.823,1.634,-0.359,0.807,1.725,3.068,0.016,-0.091,3.081,0.116,-0.017,-7,-3,0
16.599999999999824,2.679,0.815,1.631,-0.346,0.814,1.725,3.024,0.001,-0.094,3.081,0.116,-0.017,-10,-4,-1
16.639999999999823,2.648,0.808,1.629,-0.334,0.821,1.725,2.982,-0.013,-0.096,3.078,0.082,-0.023,-10,-3,-1
16.679999999999822,2.595,0.794,1.625,-0.315,0.833,1.723,2.91,-0.039,-0.099,3.014,0.043,-0.034,-9,-5,-1
16.71999999999982,2.546,0.78,1.623,-0.296,0.844,1.722,2.843,-0.063,-0.099,3.011,0.024,-0.035,-9,-5,-1
16.75999999999982,2.51,0.77,1.623,-0.284,0.853,1.72,2.794,-0.084,-0.097,3.126,-0.041,-0.045,-11,-7,-1
16.79999999999982,2.474,0.758,1.624,-0.269,0.862,1.717,2.743,-0.104,-0.094,3.049,-0.068,-0.042,-8,-8,-1
16.83999999999982,2.448,0.75,1.625,-0.26,0.87,1.715,2.707,-0.12,-0.09,3.049,-0.068,-0.042,-5,-8,-1
16.879999999999818,2.433,0.744,1.626,-0.255,0.874,1.713,2.688,-0.13,-0.086,3.022,-0.09,-0.04,-5,-8,-1
16.919999999999817,2.41,0.735,1.628,-0.246,0.881,1.709,2.656,-0.146,-0.081,3.022,-0.09,-0.04,-4,-8,-1
16.959999999999816,2.398,0.731,1.629,-0.242,0.885,1.706,2.641,-0.154,-0.077,2.838,-0.123,-0.037,-10,-8,-1
16.999999999999815,2.388,0.727,1.63,-0.239,0.887,1.703,2.627,-0.161,-0.073,2.855,-0.147,-0.033,-10,-8,-1
17.039999999999814,2.371,0.72,1.632,-0.235,0.891,1.698,2.607,-0.171,-0.066,2.891,-0.163,-0.033,-7,-9,-1
17.079999999999814,2.36,0.715,1.635,-0.231,0.893,1.693,2.591,-0.177,-0.058,2.837,-0.177,-0.027,-6,-9,0
17.119999999999813,2.355,0.713,1.636,-0.23,0.893,1.69,2.584,-0.181,-0.054,2.837,-0.177,-0.027,-8,-9,0
17.159999999999812,2.348,0.71,1.638,-0.229,0.894,1.686,2.577,-0.184,-0.048,2.829,-0.186,-0.021,-7,-8,0
17.19999999999981,2.336,0.704,1.641,-0.228,0.893,1.681,2.564,-0.188,-0.04,2.779,-0.219,-0.015,-8,-7,0
17.23999999999981,2.328,0.701,1.644,-0.231,0.889,1.678,2.558,-0.188,-0.034,2.686,-0.235,-0.008,-9,-7,0
17.27999999999981,2.323,0.699,1.645,-0.232,0.887,1.677,2.555,-0.188,-0.032,2.737,-0.259,-0.001,-9,-7,0
17.31999999999981,2.316,0.696,1.646,-0.237,0.882,1.674,2.553,-0.186,-0.028,2.657,-0.259,0.005,-7,-7,0
17.359999999999808,2.309,0.693,1.647,-0.242,0.874,1.671,2.552,-0.181,-0.024,2.65,-0.268,0.016,-9,-7,1
17.399999999999807,2.304,0.691,1.647,-0.249,0.866,1.668,2.552,-0.175,-0.021,2.684,-0.27,0.022,-9,-5,1
17.439999999999806,2.3,0.689,1.649,-0.254,0.86,1.667,2.554,-0.171,-0.018,2.702,-0.271,0.025,-8,-5,1
17.479999999999805,2.295,0.688,1.65,-0.264,0.85,1.665,2.559,-0.162,-0.015,2.671,-0.258,0.031,-7,-4,1
17.519999999999804,2.291,0.686,1.652,-0.272,0.841,1.664,2.563,-0.155,-0.012,2.669,-0.257,0.033,-7,-4,1
17.559999999999803,2.287,0.684,1.654,-0.287,0.829,1.662,2.573,-0.144,-0.009,2.603,-0.237,0.037,-8,-2,1
17.599999999999802,2.284,0.683,1.656,-0.294,0.821,1.661,2.577,-0.138,-0.006,2.634,-0.238,0.039,-7,-1,1
17.6399999999998,2.28,0.682,1.659,-0.309,0.807,1.66,2.589,-0.125,-0.001,2.756,-0.241,0.043,-2,-1,1
17.6799999999998,2.277,0.68,1.662,-0.323,0.795,1.659,2.6,-0.115,0.003,2.756,-0.241,0.043,1,1,1
17.7199999999998,2.274,0.679,1.664,-0.335,0.788,1.659,2.609,-0.108,0.005,2.661,-0.206,0.05,1,1,1
17.7599999999998,2.27,0.678,1.671,-0.356,0.771,1.659,2.626,-0.093,0.013,2.661,-0.206,0.05,-1,1,1
17.799999999999798,2.266,0.676,1.676,-0.367,0.763,1.659,2.633,-0.086,0.017,2.755,-0.19,0.061,2,2,1
17.839999999999797,2.263,0.675,1.677,-0.377,0.755,1.66,2.64,-0.079,0.018,2.755,-0.19,0.061,2,1,1
17.879999999999797,2.252,0.67,1.679,-0.396,0.74,1.661,2.648,-0.069,0.018,2.758,-0.177,0.067,1,1,2
17.919999999999796,2.235,0.664,1.678,-0.414,0.726,1.662,2.649,-0.062,0.016,2.801,-0.161,0.071,4,4,2
17.959999999999795,2.226,0.66,1.677,-0.422,0.72,1.663,2.649,-0.06,0.014,2.883,-0.156,0.079,6,2,2
17.999999999999794,2.207,0.652,1.674,-0.44,0.707,1.667,2.646,-0.054,0.007,2.732,-0.126,0.078,1,4,1
18.039999999999793,2.182,0.642,1.67,-0.453,0.696,1.668,2.635,-0.054,0.001,2.648,-0.113,0.075,-4,4,2
18.079999999999792,2.168,0.636,1.667,-0.463,0.688,1.673,2.631,-0.051,-0.006,2.666,-0.108,0.073,-3,4,2
18.11999999999979,2.148,0.627,1.663,-0.476,0.677,1.677,2.625,-0.049,-0.014,2.775,-0.113,0.075,2,3,1
18.15999999999979,2.128,0.618,1.658,-0.49,0.667,1.682,2.618,-0.049,-0.024,2.748,-0.108,0.071,1,3,1
18.19999999999979,2.109,0.609,1.653,-0.504,0.657,1.686,2.614,-0.047,-0.033,2.737,-0.106,0.069,-1,3,2
18.23999999999979,2.103,0.606,1.651,-0.512,0.651,1.688,2.614,-0.045,-0.038,2.749,-0.109,0.064,-1,1,1
18.279999999999788,2.09,0.6,1.646,-0.524,0.643,1.692,2.615,-0.044,-0.045,2.676,-0.107,0.058,-5,2,1
18.319999999999787,2.082,0.595,1.643,-0.535,0.638,1.694,2.617,-0.043,-0.051,2.67,-0.106,0.041,-3,1,1
18.359999999999786,2.074,0.59,1.641,-0.544,0.632,1.697,2.619,-0.042,-0.056,2.653,-0.102,0.038,-4,1,1
18.399999999999785,2.068,0.586,1.638,-0.553,0.627,1.699,2.621,-0.041,-0.061,2.688,-0.098,0.028,-4,1,1
18.439999999999785,2.062,0.581,1.636,-0.565,0.621,1.702,2.626,-0.04,-0.066,2.659,-0.099,0.02,-4,1,0
18.479999999999784,2.057,0.576,1.635,-0.577,0.615,1.705,2.634,-0.039,-0.07,2.641,-0.092,0.016,-5,1,0
18.519999999999783,2.054,0.573,1.634,-0.585,0.612,1.708,2.639,-0.039,-0.073,2.675,-0.099,0.01,-4,-1,0
18.559999999999782,2.051,0.569,1.634,-0.597,0.606,1.711,2.648,-0.037,-0.077,2.711,-0.093,-0.004,-4,1,0
18.59999999999978,2.048,0.565,1.632,-0.609,0.601,1.713,2.657,-0.036,-0.081,2.703,-0.092,-0.011,-3,-1,-1
18.63999999999978,2.046,0.561,1.631,-0.622,0.596,1.714,2.668,-0.035,-0.084,2.728,-0.091,-0.014,-2,1,-1
18.67999999999978,2.045,0.559,1.631,-0.632,0.593,1.714,2.677,-0.034,-0.083,2.748,-0.09,-0.017,-1,1,-1
18.71999999999978,2.044,0.555,1.631,-0.648,0.587,1.712,2.692,-0.032,-0.081,2.717,-0.082,-0.022,-1,-1,0
18.759999999999778,2.044,0.554,1.631,-0.653,0.585,1.711,2.697,-0.031,-0.08,2.717,-0.082,-0.022,-1,1,0
18.799999999999777,2.043,0.55,1.632,-0.671,0.578,1.711,2.714,-0.028,-0.079,2.716,-0.084,-0.029,-1,1,-1
18.839999999999776,2.043,0.547,1.633,-0.686,0.571,1.711,2.729,-0.024,-0.079,2.729,-0.086,-0.029,-1,2,-1
18.879999999999775,2.044,0.543,1.633,-0.705,0.565,1.711,2.749,-0.022,-0.078,2.813,-0.082,-0.028,2,1,-1
18.919999999999774,2.044,0.54,1.634,-0.72,0.558,1.711,2.765,-0.018,-0.077,2.805,-0.072,-0.026,2,2,-1
18.959999999999773,2.045,0.538,1.635,-0.731,0.554,1.711,2.776,-0.015,-0.076,2.805,-0.072,-0.026,2,2,-1
18.999999999999773,2.041,0.533,1.637,-0.757,0.543,1.711,2.798,-0.01,-0.074,2.787,-0.056,-0.024,2,2,-1
19.03999999999977,2.036,0.531,1.637,-0.765,0.541,1.711,2.801,-0.01,-0.074,2.83,-0.053,-0.022,2,2,-1
19.07999999999977,2.024,0.526,1.637,-0.783,0.533,1.712,2.806,-0.007,-0.076,2.84,-0.045,-0.023,3,3,-1
19.11999999999977,2.016,0.523,1.636,-0.789,0.53,1.712,2.805,-0.007,-0.076,2.84,-0.045,-0.023,4,4,-1
19.15999999999977,1.994,0.517,1.632,-0.805,0.526,1.71,2.799,-0.008,-0.078,2.86,-0.039,-0.023,5,1,-1
19.19999999999977,1.979,0.513,1.63,-0.812,0.523,1.709,2.791,-0.009,-0.079,2.881,-0.037,-0.026,3,2,-1
19.239999999999768,1.942,0.505,1.624,-0.828,0.519,1.703,2.77,-0.013,-0.08,2.859,-0.034,-0.026,3,2,-1
19.279999999999767,1.926,0.502,1.622,-0.836,0.516,1.7,2.762,-0.014,-0.079,2.841,-0.035,-0.03,3,1,0
19.319999999999766,1.914,0.499,1.62,-0.841,0.514,1.698,2.755,-0.015,-0.078,2.851,-0.035,-0.03,-1,1,-1
19.359999999999765,1.889,0.494,1.616,-0.85,0.512,1.695,2.738,-0.018,-0.079,2.853,-0.037,-0.029,1,1,-1
19.399999999999764,1.869,0.489,1.613,-0.86,0.51,1.69,2.729,-0.02,-0.077,2.819,-0.041,-0.024,1,1,-1
19.439999999999763,1.856,0.487,1.611,-0.866,0.508,1.687,2.722,-0.022,-0.076,2.813,-0.037,-0.02,-1,-1,0
19.479999999999762,1.84,0.483,1.609,-0.873,0.506,1.682,2.713,-0.023,-0.073,2.846,-0.037,-0.017,-2,-1,0
19.51999999999976,1.83,0.481,1.608,-0.88,0.506,1.679,2.71,-0.025,-0.071,2.886,-0.036,-0.015,1,-1,0
19.55999999999976,1.815,0.477,1.606,-0.886,0.504,1.676,2.701,-0.027,-0.07,2.874,-0.04,-0.016,2,-1,0
19.59999999999976,1.809,0.476,1.605,-0.892,0.504,1.674,2.701,-0.028,-0.068,2.874,-0.04,-0.016,-1,-1,0
19.63999999999976,1.797,0.473,1.603,-0.901,0.502,1.671,2.698,-0.029,-0.068,2.834,-0.047,-0.013,-2,1,0
19.679999999999758,1.787,0.471,1.594,-0.91,0.499,1.67,2.697,-0.028,-0.075,2.849,-0.048,-0.012,1,-1,0
19.719999999999757,1.78,0.47,1.579,-0.916,0.497,1.669,2.696,-0.027,-0.09,2.797,-0.054,-0.01,-1,-1,0
19.759999999999756,1.772,0.468,1.552,-0.924,0.493,1.669,2.697,-0.025,-0.116,2.791,-0.057,-0.011,-2,-1,0
19.799999999999756,1.767,0.466,1.539,-0.933,0.491,1.669,2.7,-0.025,-0.13,2.874,-0.073,-0.012,-3,-1,0
19.839999999999755,1.762,0.464,1.534,-0.943,0.488,1.67,2.705,-0.024,-0.136,2.891,-0.082,-0.02,1,-1,-1
19.879999999999754,1.76,0.464,1.533,-0.947,0.487,1.671,2.707,-0.023,-0.137,2.918,-0.094,-0.046,2,-1,-1
19.919999999999753,1.757,0.462,1.533,-0.957,0.486,1.671,2.715,-0.024,-0.138,2.853,-0.093,-0.059,1,-2,-2
19.959999999999752,1.755,0.461,1.535,-0.966,0.483,1.671,2.721,-0.022,-0.137,2.851,-0.092,-0.078,2,-2,-2
19.99999999999975,1.753,0.46,1.535,-0.972,0.481,1.67,2.725,-0.021,-0.135,2.835,-0.087,-0.089,-1,-1,-2
20.03999999999975,1.752,0.459,1.535,-0.98,0.478,1.669,2.732,-0.019,-0.133,2.835,-0.087,-0.089,-1,-1,-3
20.07999999999975,1.751,0.459,1.533,-0.989,0.476,1.667,2.74,-0.017,-0.134,2.755,-0.071,-0.092,-3,-1,-2
20.11999999999975,1.751,0.459,1.515,-0.997,0.471,1.664,2.748,-0.012,-0.149,2.861,-0.068,-0.09,2,-1,-2
20.159999999999748,1.751,0.459,1.477,-1.006,0.467,1.662,2.757,-0.008,-0.185,2.891,-0.066,-0.088,1,1,-2
20.199999999999747,1.751,0.459,1.454,-1.01,0.465,1.662,2.761,-0.006,-0.207,2.913,-0.067,-0.088,2,-1,-3
20.239999999999746,1.752,0.459,1.403,-1.018,0.461,1.662,2.77,-0.002,-0.259,2.905,-0.065,-0.086,1,1,-3
20.279999999999745,1.754,0.46,1.366,-1.022,0.457,1.661,2.776,0.002,-0.295,2.927,-0.065,-0.091,1,1,-3
20.319999999999744,1.755,0.46,1.326,-1.028,0.455,1.659,2.784,0.005,-0.333,2.959,-0.075,-0.098,3,1,-3
20.359999999999744,1.758,0.459,1.265,-1.036,0.451,1.656,2.794,0.009,-0.391,2.894,-0.078,-0.107,1,1,-3
20.399999999999743,1.764,0.459,1.16,-1.049,0.443,1.651,2.813,0.016,-0.49,2.525,-0.118,-0.175,-3,-1,-4
20.439999999999742,1.767,0.459,1.118,-1.054,0.44,1.648,2.821,0.019,-0.53,2.591,-0.136,-0.208,-10,-1,-5
20.47999999999974,1.769,0.459,1.075,-1.059,0.436,1.645,2.829,0.022,-0.57,2.591,-0.136,-0.208,-9,-1,-6
20.51999999999974,1.773,0.459,1.011,-1.067,0.432,1.639,2.84,0.027,-0.628,2.772,-0.162,-0.297,-3,-3,-10
20.55999999999974,1.776,0.46,0.968,-1.072,0.429,1.634,2.847,0.031,-0.666,2.702,-0.167,-0.384,-4,-3,-10
20.59999999999974,1.778,0.461,0.925,-1.076,0.427,1.628,2.854,0.034,-0.703,2.702,-0.167,-0.384,-6,-3,-11
20.639999999999738,1.781,0.462,0.859,-1.085,0.421,1.61,2.866,0.04,-0.75,2.702,-0.167,-0.384,-6,-4,-11
20.679999999999737,1.783,0.463,0.816,-1.092,0.42,1.597,2.875,0.043,-0.781,2.775,-0.137,-0.541,-6,-3,-11
20.719999999999736,1.786,0.464,0.751,-1.099,0.414,1.576,2.886,0.05,-0.826,2.781,-0.114,-0.608,-3,-2,-15
20.759999999999735,1.788,0.466,0.707,-1.107,0.412,1.562,2.895,0.054,-0.855,2.781,-0.114,-0.608,-2,-1,-15
20.799999999999734,1.791,0.468,0.642,-1.117,0.407,1.538,2.908,0.061,-0.896,2.781,-0.114,-0.608,-1,-1,-15
20.839999999999733,1.793,0.469,0.598,-1.123,0.402,1.52,2.916,0.067,-0.922,2.813,-0.066,-0.733,-1,-1,-15
20.879999999999733,1.795,0.471,0.555,-1.131,0.399,1.5,2.926,0.072,-0.945,2.796,-0.045,-0.748,-1,1,-17
20.91999999999973,1.798,0.473,0.481,-1.144,0.392,1.462,2.942,0.082,-0.981,2.64,-0.032,-0.793,-1,2,-17
20.95999999999973,1.799,0.474,0.449,-1.151,0.389,1.444,2.95,0.085,-0.995,2.64,-0.032,-0.793,-6,3,-17
20.99999999999973,1.801,0.477,0.376,-1.165,0.381,1.401,2.965,0.096,-1.025,2.677,-0.017,-0.863,-6,3,-17
21.03999999999973,1.802,0.478,0.335,-1.173,0.378,1.375,2.974,0.101,-1.04,2.745,-0.004,-0.901,-10,4,-28
21.07999999999973,1.802,0.48,0.293,-1.181,0.374,1.347,2.984,0.106,-1.054,2.851,-0.003,-0.954,-7,6,-27
21.119999999999727,1.804,0.483,0.22,-1.196,0.368,1.298,3.0,0.115,-1.078,2.909,0.014,-0.996,6,5,-23
21.159999999999727,1.804,0.485,0.179,-1.205,0.365,1.27,3.009,0.12,-1.09,2.909,0.014,-0.996,6,6,-28
21.199999999999726,1.805,0.489,0.111,-1.22,0.359,1.214,3.025,0.13,-1.103,2.987,0.022,-1.056,8,4,-23
21.239999999999725,1.807,0.49,0.116,-1.227,0.358,1.188,3.035,0.133,-1.072,2.98,0.026,-1.06,9,5,-23
21.279999999999724,1.81,0.49,0.148,-1.243,0.353,1.127,3.052,0.137,-0.979,2.978,0.034,-1.073,9,4,-23
21.319999999999723,1.812,0.49,0.159,-1.252,0.352,1.092,3.063,0.139,-0.932,-3.065,-0.041,1.112,8,3,-23
21.359999999999722,1.812,0.491,0.161,-1.254,0.352,1.082,3.066,0.139,-0.921,-3.065,-0.041,1.112,8,3,-23
21.39999999999972,1.816,0.49,0.155,-1.264,0.348,1.04,3.08,0.142,-0.885,-3.121,-0.052,1.134,-30,1,32
21.43999999999972,1.821,0.491,0.119,-1.277,0.346,0.981,3.097,0.145,-0.862,-3.107,-0.056,1.133,-30,-1,32
21.47999999999972,1.824,0.492,0.11,-1.283,0.345,0.951,3.107,0.147,-0.84,3.046,0.057,-1.047,-30,-1,32
21.51999999999972,1.831,0.489,0.122,-1.29,0.343,0.921,3.121,0.146,-0.799,3.101,0.07,-0.968,9,4,-23
21.559999999999718,1.839,0.489,0.109,-1.3,0.34,0.902,3.139,0.148,-0.793,3.132,0.082,-0.902,11,4,-23
21.599999999999717,1.838,0.487,0.112,-1.309,0.338,0.899,3.147,0.149,-0.787,3.257,0.087,-0.916,11,6,-23
21.639999999999716,1.837,0.486,0.11,-1.318,0.336,0.899,3.155,0.15,-0.788,3.257,0.087,-0.916,14,6,-23
21.679999999999715,1.838,0.486,0.111,-1.336,0.332,0.885,3.174,0.154,-0.774,3.113,0.083,-0.865,13,5,-23
21.719999999999715,1.838,0.487,0.11,-1.346,0.331,0.867,3.184,0.156,-0.757,3.031,0.092,-0.773,15,9,-27
21.759999999999714,1.838,0.486,0.111,-1.357,0.331,0.844,3.194,0.155,-0.734,3.088,0.101,-0.783,13,10,-27
21.799999999999713,1.838,0.486,0.111,-1.378,0.331,0.788,3.216,0.155,-0.677,3.108,0.104,-0.789,15,7,-26
21.839999999999712,1.838,0.486,0.111,-1.388,0.332,0.763,3.226,0.154,-0.652,3.037,0.103,-0.765,10,4,-16
21.87999999999971,1.838,0.486,0.111,-1.398,0.333,0.726,3.236,0.153,-0.615,3.148,0.126,-0.744,10,3,-16
21.91999999999971,1.838,0.486,0.111,-1.406,0.336,0.697,3.243,0.15,-0.586,3.148,0.126,-0.744,11,3,-16
21.95999999999971,1.838,0.486,0.111,-1.412,0.34,0.663,3.25,0.147,-0.552,3.162,0.14,-0.643,10,3,-15
21.99999999999971,1.838,0.486,0.111,-1.416,0.343,0.625,3.254,0.143,-0.515,3.19,0.143,-0.628,9,2,-15
22.039999999999708,1.838,0.486,0.111,-1.418,0.349,0.584,3.256,0.138,-0.473,3.183,0.133,-0.601,8,2,-14
22.079999999999707,1.838,0.487,0.11,-1.418,0.353,0.56,3.256,0.133,-0.449,3.182,0.104,-0.518,8,2,-13
22.119999999999706,1.838,0.487,0.111,-1.415,0.358,0.537,3.253,0.129,-0.427,3.182,0.104,-0.518,7,-1,-13
22.159999999999705,1.837,0.487,0.11,-1.413,0.362,0.529,3.25,0.125,-0.418,3.217,0.094,-0.485,6,1,-13
22.199999999999704,1.837,0.486,0.11,-1.407,0.366,0.523,3.244,0.12,-0.413,3.265,0.082,-0.432,5,1,-14
22.239999999999704,1.838,0.487,0.11,-1.403,0.371,0.519,3.24,0.116,-0.409,3.333,0.079,-0.423,7,-1,-13
22.279999999999703,1.838,0.487,0.11,-1.397,0.373,0.518,3.235,0.113,-0.407,3.34,0.086,-0.41,8,-1,-12
22.319999999999702,1.838,0.487,0.11,-1.39,0.379,0.514,3.227,0.107,-0.404,3.336,0.088,-0.4,7,-1,-12
22.3599999999997,1.838,0.487,0.111,-1.382,0.385,0.511,3.22,0.102,-0.401,3.275,0.094,-0.38,7,-1,-12
22.3999999999997,1.837,0.486,0.11,-1.367,0.395,0.506,3.204,0.091,-0.396,3.168,0.104,-0.362,2,-1,-12
22.4399999999997,1.838,0.487,0.111,-1.36,0.399,0.505,3.198,0.087,-0.394,3.168,0.104,-0.362,1,-2,-12
22.4799999999997,1.838,0.487,0.11,-1.344,0.407,0.503,3.182,0.079,-0.392,3.189,0.12,-0.36,-1,1,-12
22.519999999999698,1.838,0.486,0.111,-1.338,0.411,0.502,3.176,0.076,-0.391,3.191,0.123,-0.358,-1,1,-12
22.559999999999697,1.838,0.486,0.11,-1.325,0.416,0.501,3.162,0.07,-0.391,3.202,0.125,-0.359,-1,1,-12
22.599999999999696,1.838,0.487,0.11,-1.315,0.421,0.5,3.153,0.065,-0.39,3.177,0.126,-0.352,-2,-1,-12
22.639999999999695,1.838,0.487,0.11,-1.303,0.428,0.5,3.141,0.059,-0.389,3.145,0.127,-0.348,-1,1,-12
22.679999999999694,1.838,0.487,0.111,-1.289,0.435,0.499,3.127,0.052,-0.389,3.141,0.127,-0.348,-3,1,-12
22.719999999999693,1.838,0.487,0.11,-1.282,0.439,0.499,3.119,0.048,-0.389,3.136,0.127,-0.347,-3,1,-12
22.759999999999692,1.838,0.487,0.11,-1.27,0.445,0.499,3.108,0.042,-0.389,3.109,0.128,-0.345,-4,1,-12
22.79999999999969,1.838,0.487,0.111,-1.257,0.452,0.5,3.095,0.035,-0.389,3.076,0.131,-0.342,-5,1,-12
22.83999999999969,1.838,0.487,0.11,-1.251,0.456,0.5,3.088,0.03,-0.389,3.066,0.135,-0.344,-4,1,-12
22.87999999999969,1.838,0.487,0.111,-1.241,0.464,0.5,3.078,0.023,-0.389,3.043,0.137,-0.343,-5,1,-12
22.91999999999969,1.838,0.487,0.111,-1.239,0.464,0.5,3.077,0.022,-0.389,3.043,0.137,-0.343,-5,1,-12
22.959999999999688,1.837,0.487,0.111,-1.227,0.473,0.501,3.064,0.014,-0.39,3.035,0.132,-0.343,-6,1,-12
22.999999999999687,1.838,0.487,0.111,-1.222,0.477,0.501,3.059,0.009,-0.391,2.995,0.126,-0.339,-5,1,-12
23.039999999999687,1.838,0.487,0.111,-1.213,0.485,0.502,3.05,0.002,-0.392,3.026,0.113,-0.345,-5,-1,-12
23.079999999999686,1.838,0.487,0.11,-1.203,0.495,0.504,3.041,-0.008,-0.393,3.075,0.097,-0.358,-2,-1,-12
23.119999999999685,1.838,0.486,0.11,-1.198,0.5,0.504,3.036,-0.013,-0.394,3.05,0.085,-0.353,-3,-1,-12
23.159999999999684,1.838,0.487,0.111,-1.193,0.51,0.505,3.03,-0.023,-0.394,3.073,0.08,-0.356,1,-2,-12
23.199999999999683,1.838,0.486,0.111,-1.191,0.512,0.505,3.029,-0.025,-0.394,3.052,0.073,-0.356,1,-2,-12
23.239999999999682,1.838,0.487,0.111,-1.189,0.518,0.505,3.027,-0.031,-0.395,3.054,0.071,-0.358,-2,-1,-12
23.27999999999968,1.837,0.487,0.11,-1.185,0.525,0.506,3.023,-0.038,-0.396,3.048,0.072,-0.358,-1,-2,-12
23.31999999999968,1.838,0.486,0.111,-1.183,0.529,0.507,3.021,-0.043,-0.396,3.024,0.076,-0.357,-1,-1,-12
23.35999999999968,1.837,0.487,0.111,-1.18,0.535,0.509,3.018,-0.048,-0.398,3.024,0.076,-0.357,-1,1,-12
23.39999999999968,1.838,0.487,0.111,-1.178,0.539,0.509,3.016,-0.052,-0.399,2.97,0.084,-0.361,-1,-1,-12
23.439999999999678,1.838,0.486,0.111,-1.176,0.544,0.51,3.014,-0.057,-0.399,2.94,0.088,-0.358,-1,-1,-12
23.479999999999677,1.838,0.486,0.111,-1.175,0.547,0.51,3.013,-0.061,-0.4,2.931,0.089,-0.358,-3,-1,-12
23.519999999999676,1.838,0.487,0.111,-1.174,0.552,0.511,3.011,-0.065,-0.401,2.933,0.087,-0.36,-4,-1,-12
23.559999999999675,1.838,0.487,0.11,-1.171,0.556,0.512,3.009,-0.07,-0.402,2.95,0.086,-0.363,-3,1,-12
23.599999999999675,1.837,0.487,0.11,-1.171,0.559,0.513,3.008,-0.073,-0.402,2.95,0.085,-0.364,-3,1,-12
23.639999999999674,1.838,0.487,0.11,-1.17,0.563,0.512,3.008,-0.076,-0.402,2.949,0.082,-0.365,-3,1,-12
23.679999999999673,1.838,0.487,0.111,-1.169,0.567,0.514,3.007,-0.08,-0.403,2.961,0.084,-0.366,-2,1,-12
23.719999999999672,1.838,0.487,0.111,-1.17,0.572,0.514,3.007,-0.086,-0.403,2.951,0.074,-0.367,-3,1,-12
23.75999999999967,1.838,0.487,0.111,-1.17,0.581,0.514,3.007,-0.094,-0.403,2.935,0.066,-0.367,-1,-1,-12
23.79999999999967,1.838,0.487,0.111,-1.171,0.583,0.514,3.009,-0.097,-0.404,2.915,0.05,-0.363,-2,-1,-12
23.83999999999967,1.837,0.487,0.111,-1.171,0.59,0.514,3.009,-0.104,-0.404,2.945,0.04,-0.368,-2,-1,-12
23.87999999999967,1.838,0.487,0.111,-1.173,0.593,0.514,3.01,-0.106,-0.404,2.945,0.04,-0.368,-1,-2,-12
23.919999999999668,1.838,0.487,0.111,-1.174,0.6,0.514,3.012,-0.113,-0.404,2.948,0.017,-0.367,-1,-3,-12
23.959999999999667,1.838,0.487,0.111,-1.176,0.605,0.515,3.014,-0.119,-0.404,2.937,-0.003,-0.365,-1,-3,-12
23.999999999999666,1.838,0.487,0.111,-1.178,0.609,0.514,3.015,-0.122,-0.404,2.973,-0.027,-0.367,-1,-4,-12
24.039999999999665,1.838,0.487,0.11,-1.181,0.616,0.513,3.018,-0.129,-0.403,2.944,-0.045,-0.367,1,-6,-12
