elapsed_time,x,y,z,pitch,roll,yaw,x_speed,y_speed,z_speed,pitch_speed,roll_speed,yaw_speed,control_x,control_y,control_z,control_yaw
0.00,0.19772962163814575,-0.39889942080775614,1.0162969429257596,-0.04726621413948168,0.009472974150695673,-0.008442983302027234,-0.024731059778175,-0.02502140399308256,-0.00821490230440848,0.0042334254694890655,0.05613281843287544,-0.04948146797731115,0,20,0,0
0.04,0.1964450127238432,-0.39875695406737616,1.0163786107734591,-0.05074100417711239,0.008385633001749021,-0.00491078936500759,-0.031936508631297385,0.003541848599336986,0.0020303345974936955,-0.08638633968143533,-0.0270322583020167,0.08781345116096309,0,20,0,0
0.08,0.19537335524391533,-0.4003564828507924,1.0158048705606981,-0.047088540367670594,0.004297791970994919,-0.0036721559881958523,-0.026863195086726483,-0.04009532388896906,-0.014381922912101063,0.09155616388442155,-0.10246974723683426,0.03104877319986958,0,20,0,0
0.12,0.19390961535142898,-0.4005742139619172,1.0156539920236964,-0.05102058893075893,0.0055275600184237494,-0.011393485347348336,-0.03630378914449732,-0.005400183727346656,-0.0037421010535111307,-0.09752297021693236,0.03050080148779757,-0.19150500331977635,0,20,0,0
0.16,0.19259046899144067,-0.4011882626636085,1.0153310127131656,-0.0515314858152246,0.006031116210291121,-0.020772524677626063,-0.03268645053100577,-0.015215197585534539,-0.008002938549061147,-0.012659251654744448,0.012477360400858284,-0.23239840126625308,0,20,0,0
0.20,0.19167943203517568,-0.4023092278451382,1.0146287881695324,-0.05243299320756589,0.005832339627341504,-0.03168049203688676,-0.023002720655257488,-0.028303186558654412,-0.01773042784200991,-0.022762109233958147,-0.005018898716405867,-0.27541465179460733,0,20,0,0
0.24,0.19004576918799154,-0.4017299861954359,1.014619720070029,-0.05329978979648115,0.003432850585650113,-0.03836791082584039,-0.04093139121284923,0.014512888391633151,-0.00022720105863103718,-0.021717571862521982,-0.06011915178563456,-0.16755314912536945,0,20,0,0
0.28,0.18901028275926807,-0.40174202662954883,1.0140400392183277,-0.05060539863415985,0.004513135771035348,-0.04572861850193659,-0.025975436118829846,-0.00030203730195643176,-0.014541439187416228,0.0675894763800007,0.02709922413728325,-0.18464519353046613,0,20,0,0
0.32,0.1878116497833472,-0.4006804167783071,1.0136898673910846,-0.053939082724871,0.0031940098738993533,-0.05338943701785208,-0.0298569405967125,0.026443809658295903,-0.00872248607761634,-0.0830392704556617,-0.032858318051959164,-0.19082455426037156,0,20,0,0
0.36,0.18644509092703473,-0.3987824175996035,1.0134791534431202,-0.050936093534567926,0.0041541383499023865,-0.057787345909165386,-0.03416298585185548,0.047448610639321355,-0.005267696733179478,0.07507256401559781,0.024002519459839108,-0.10994455053118704,0,20,0,0
0.40,0.18521907021881068,-0.3961014121661784,1.0131387355323351,-0.05167805553527233,0.002215566837192373,-0.05679205933260016,-0.030555659240651692,0.06681770372764512,-0.008484109290805739,-0.01849164366552661,-0.04831429857478124,0.024805158082830694,0,20,0,0
0.44,0.18403276228373652,-0.3927238558462481,1.012931557174086,-0.0519494537727623,0.0015485396334140727,-0.05690534957989239,-0.02994815442723685,0.08526587007077535,-0.005230184578035733,-0.006851405176786158,-0.016838995268687835,-0.0028599942061379576,0,20,0,0
0.48,0.18304347974490495,-0.3886710181571658,1.0126347947272847,-0.05162358011091763,0.001148675348472003,-0.05629678570402312,-0.024678397436325213,0.10110108620154105,-0.0074029625702170315,0.008129163737724194,-0.009974915514072827,0.015181083870974221,0,0,0,0
0.52,0.18163724706101636,-0.3829050559690196,1.0128092288423884,-0.056252276613360366,-0.00013938134607330288,-0.057484293842185605,-0.03512444689179891,0.14402042775568719,0.004356961605484481,-0.11561415570908858,-0.0321726834253889,-0.029661212550633417,0,0,0,0
0.56,0.1811300666648082,-0.37801573898089375,1.0125437788223604,-0.05222653083167273,-0.0014500673468074154,-0.055563584924162066,-0.012675819858882538,0.12219735194382196,-0.006634319190112686,0.10061435478942192,-0.03275761397931779,0.04800374862324621,0,0,0,0
0.60,0.18024920424374533,-0.37157401764629994,1.0125668717542273,-0.05344685721934145,-0.0006313194708823938,-0.05410696439407241,-0.02199392067122056,0.16084090390439598,0.0005765986826130019,-0.030469868076558056,0.020443006083852664,0.03636980715808846,0,0,0,0
0.64,0.17978161882288732,-0.36458393220877133,1.012629074728145,-0.05047551264434835,0.0003880781906491215,-0.0458109982304145,-0.011536986452576739,0.17247013571796305,0.0015347674144360946,0.07331358202898866,0.02515214650896678,0.20469083288681245,0,0,0,0
0.68,0.17931623333176502,-0.3569580160428988,1.0127652283604658,-0.0492366261174631,0.000846051243585666,-0.035238748634995695,-0.011754312957391148,0.1926089379888711,0.003438853241265854,0.03129074763501374,0.011567095865593747,0.26702493476649647,0,0,0,0
0.72,0.17896280799606182,-0.34883457841278487,1.0128385439639178,-0.04832648906073358,0.000991020897072356,-0.02579248258741255,-0.008816251237005244,0.20264044430410977,0.0018288693942658735,0.02270351370331366,0.0036162910741451416,0.2356386096695165,0,0,0,0
0.76,0.17845974420334046,-0.34002041314021936,1.0131439883599176,-0.05165854484252389,0.0022950666282577636,-0.02001933400133175,-0.012468179459238355,0.2184545896400932,0.007570283529137373,-0.08258330266786959,0.03232010817458905,0.14308454247267371,0,0,0,0
0.80,0.17844146555999224,-0.332094227231793,1.013258706150946,-0.04774826857325329,0.0013555308810546118,-0.012797713876100663,-0.00045229988206702074,0.19613123815186947,0.002838659432466281,0.09675868508112993,-0.023248547474895243,0.17869695626471066,0,0,0,0
0.84,0.1780283514323993,-0.3146037282886515,1.0137774528259242,-0.05009235736045302,0.0032292969277372546,-0.009696893764844988,-0.005053848970153326,0.21771151767729752,0.007019681994840955,0.09247935345830592,0.02055056398427049,0.09320525814634163,0,0,0,0
0.88,0.17802683962680527,-0.3061340525314501,1.0139686103071066,-0.049335141731608245,0.00455081163614833,-0.010388483979914914,-3.779269801068921e-05,0.21172821386632112,0.004778628275529317,0.01892916768043335,0.0330357332241491,-0.017288638333017355,0,0,0,0
0.92,0.17809093392697933,-0.2975961385678657,1.014239625422991,-0.05294133944829705,0.004127652261823669,-0.013074043998854184,0.00158741890864116,0.21145789921003033,0.006712211824049637,-0.08931443869772672,-0.010480357697134486,-0.06651307125247007,0,0,0,0
0.96,0.1782256707733126,-0.2893863851278894,1.0144496906589506,-0.04725969215903576,0.0049534766232590954,-0.011026121344933675,0.003385637905349611,0.20629288272938634,0.0052784731483303555,0.14276718619173234,0.020751133318951426,0.051459751011145555,0,0,0,0
1.00,0.17859042358966057,-0.2811186507096702,1.0145843092773354,-0.04105868845324571,0.009739470816419377,-0.011256550313972363,0.009123451410183874,0.20679832987216956,0.0033671746144061146,0.1551038222832423,0.11971061911984197,-0.005763649815160642,0,0,0,0
1.04,0.1783856852869917,-0.27216598581365786,1.0151584227170725,-0.05075885430597416,0.005401192243551067,-0.014408047061046408,-0.0051068954388723345,0.22331104110569042,0.01432041424867208,-0.24195635161498147,-0.10821196995156669,-0.07860944509871816,0,0,0,0
1.08,0.17869209927063495,-0.263838980107327,1.015356054710836,-0.05059906437180852,0.002564502451240916,-0.01210900873074498,0.007696414054177245,0.2091552186535784,0.004964060831269817,0.004013555388060587,-0.07125111891203836,0.05774655159676022,0,0,0,0
1.12,0.17831867446572183,-0.25424934526745013,1.0161089695075383,-0.05344012329856484,0.002008135591449245,-0.011804514174108587,-0.00934442918220624,0.23996708966694205,0.018840631113555235,-0.07109349350728299,-0.013922296141680557,0.007619546916595547,0,0,0,0
1.16,0.17846996271496024,-0.24554552203628155,1.0164562090430405,-0.04918658055024368,0.0028468736941791306,-0.008453621325068366,0.003767344532182623,0.21674056659453148,0.008646877546783952,0.10592072481479059,0.020886059698352888,0.08344314853474237,0,0,0,0
1.20,0.1789727534398217,-0.23720859704846475,1.0165829478739907,-0.04692404389438215,0.003662744987520908,-0.006889022564817532,0.012591018803917189,0.20877548868343557,0.0031738274490267036,0.05665904355406401,0.020431265510860948,0.039181097496045196,0,0,0,0
1.24,0.17930733483971875,-0.22852322441311068,1.0168215378125098,-0.04639630615265923,0.0035520704644808054,-0.005649857919909168,0.00833171708580765,0.21628239825898798,0.005941346015866515,0.013141679605893193,-0.002756007401668281,0.03085757082518111,0,0,0,0
1.28,0.17987760393440946,-0.2200351011962231,1.0169273071692235,-0.04923590017341665,0.0033122144308355417,-0.006595960917236171,0.014003090813458335,0.2084278480957575,0.002597191257832721,-0.06972689440164227,-0.005889720927472261,-0.023231780073301123,0,0,0,0
1.32,0.18022325794136165,-0.21132951328939598,1.0171979900158394,-0.04639019011155604,0.002469977038235621,-0.0032332462374882577,0.00876199963723149,0.22067835623863274,0.006861552176889559,0.07213603785341768,-0.021349915175275392,0.08524161216548448,0,0,0,0
1.36,0.18084227517281776,-0.20288647393224332,1.017386952379543,-0.04619668768800196,0.0038996162128784456,-0.004361608346380036,0.015526994886614609,0.21177928862759204,0.004739799646747739,0.0048536793297405565,0.03586006822809615,-0.02830304522185941,0,0,0,0
1.40,0.18151120825413228,-0.19454569653040021,1.0175658276776753,-0.04681491753072914,0.0059754483179671886,-0.005639463558849295,0.016757502829181276,0.2089455654282993,0.0044810211936812125,-0.01548733143564458,0.05200185690558523,-0.03201166594445835,0,0,0,0
1.44,0.18222858751605053,-0.18618101503044135,1.017708424179753,-0.04939203546184573,0.005353752590774044,-0.0040071847483249936,0.01802571669440871,0.21018084430547898,0.0035830477468657496,-0.06475570201202974,-0.015621459447464488,0.04101456086996591,0,0,0,0
1.48,0.18301831198623647,-0.17811908289832518,1.017731419219767,-0.05004927309847661,0.0061444248241660365,-0.00406617715502548,0.01974030670694628,0.20151966786731146,0.0005747943235322676,-0.01642860645230779,0.019763997420707093,-0.001474600630488674,0,0,0,0
1.52,0.18354969233230065,-0.1696468712775308,1.0180280928378869,-0.04655030693574011,0.007417655287152353,-0.0031379166539735994,0.01320799975713717,0.21058544949713354,0.007374124965476465,0.08697036796704084,0.03164744005016687,0.023072860265277034,0,0,0,0
1.56,0.18437679295595846,-0.16172503676385383,1.0180791486745724,-0.05056600291186653,0.008664160878111324,-0.0066906029013667325,0.020739963377178264,0.19864397752128876,0.001280250737045719,-0.10069559264798769,0.031256753491014824,-0.08908539124983414,0,0,0,0
1.60,0.18493775503110724,-0.15340725282491846,1.0184631742724768,-0.04699192406027769,0.004558859190482156,-0.0014230208556036796,0.014000115885759196,0.20758968246992054,0.009584253752508511,0.08919946699393956,-0.1024573708616008,0.1314647858482566,0,0,0,0
1.64,0.18569915448624558,-0.145550347074407,1.018480327712113,-0.046661226277456586,0.008264714347441249,-0.004354920956113601,0.019048629185959957,0.19656342433727722,0.0004291433474109456,0.008273370036013227,0.09271278069008511,-0.07335003649923152,0,0,0,0
1.68,0.18644152872061223,-0.13764244495203756,1.0184758904811946,-0.046687486979447135,0.008329884328957482,-0.005285681712240459,0.018475898775891526,0.1968085533938328,-0.00011043194321653457,-0.0006535653438661868,0.0016219231837267135,-0.023164383566521726,0,0,0,0
1.72,0.1871317313897753,-0.12973073897623025,1.0186302621074521,-0.04683380010625683,0.009362461636115094,-0.006214207694388113,0.01734430028387502,0.1988155223574075,0.003879248749309341,-0.003676744411807742,0.025947930487393724,-0.023333194980653144,0,0,0,0
1.76,0.18778615868632847,-0.12187668271261203,1.0187285918891384,-0.04666182755028056,0.007198775444998862,-0.005565198132024202,0.016352997763744066,0.19625917988405767,0.0024570898990540486,0.004297294501799208,-0.05406674756863871,0.01621761802706688,0,0,0,0
1.80,0.1886641932577673,-0.11427212203286616,1.0187387777091097,-0.04644934303526716,0.007032028870722948,-0.00698332252287574,0.021967907297241133,0.19026162463643245,0.00025484321022600684,0.005316237286949326,-0.004171900976317168,-0.035480636147541614,0,0,0,0
1.84,0.1893016454332838,-0.10636922682854047,1.0187269232568015,-0.04718364236358969,0.006882581059799178,-0.006938330457866998,0.01580565154427232,0.19595259470134047,-0.0002939316071518167,-0.018206980473876644,-0.0037055642983749634,0.0011155800059968845,0,0,0,0
1.88,0.190091815613537,-0.09866164839009817,1.0187543912865344,-0.047276530945912824,0.007990323383971584,-0.008410702426441746,0.01987761092848211,0.19389271985816858,0.0006909888801789108,-0.002336715742077046,0.027866491901599698,-0.03703915670919587,0,0,0,0
1.92,0.1908901976104982,-0.09088118198881567,1.0187367408741357,-0.04754601021156795,0.00720544245737996,-0.008322916434362154,0.019968019292564313,0.1945941965090534,-0.00044144754846886384,-0.0067398403220872705,-0.019630349311733127,0.0021955810503419848,0,0,0,0
1.96,0.19174550599319365,-0.08323703851503833,1.0187681619205475,-0.04631428966421793,0.008597022663813722,-0.007443277251514319,0.021365537891648884,0.1909501185098787,0.0007848953328295383,0.030768284935305677,0.03476156697556359,0.021973319415958863,0,0,0,0
2.00,0.19248989695004845,-0.07542618483017148,1.018910036167114,-0.046721704235849836,0.006737024497698502,-0.004703311470603028,0.018399988024279813,0.19307007015264618,0.0035068728518756675,-0.010070545819925029,-0.045975765377786686,0.06772696133859417,0,0,0,0
2.04,0.19335173184470683,-0.06786047789059986,1.0188829879104129,-0.045993654362752115,0.009787950057792566,-0.0052005500200816126,0.021849994535715865,0.19181244147000373,-0.0006857511395537976,0.01845815926868392,0.07734974207949114,-0.012606428048333963,0,0,0,0
2.08,0.19416408472438254,-0.06022714936026464,1.019049387386829,-0.045580655574788985,0.009999412533810745,-0.004493207229496127,0.020348502091046897,0.19120606998177994,0.00416811484087177,0.010345142992319317,0.005296890973232712,0.01771812055256272,0,0,0,0
2.12,0.1949822875524227,-0.052694283374996584,1.0190902682859813,-0.04580628410908732,0.010445161985326162,-0.004487387596175546,0.020399765759718306,0.187812479170845,0.0010192592083209616,-0.005625462404498901,0.011113606659388337,0.00014509746541901573,0,0,0,0
2.16,0.1957538340096511,-0.04502176817796769,1.019442163202476,-0.04616110988734169,0.010314824343243365,-0.005802579334743635,0.01917439143779141,0.19067654101959486,0.008745255467928866,-0.008818092936241988,-0.0032391373778733875,-0.03268500681299676,0,0,0,0
2.20,0.19644868104303456,-0.03781199114062744,1.0194457624407733,-0.04562056792927662,0.011574320775644804,-0.0053591772602000045,0.01749990807808659,0.1815801598843769,9.064777761080921e-05,0.013613693552703626,0.03172075396850622,0.011167199647327626,0,0,0,0
2.24,0.1975192678194153,-0.030670603077020502,1.0196567199687994,-0.038839273555013,0.017212672968719797,-0.007296628227890162,0.02676373778755787,0.1785284871719704,0.005273754625932256,0.16952645829102386,0.14095389834676306,-0.048434588227221076,0,0,0,0
2.28,0.19785148833412225,-0.023171671702734535,1.0201004638304496,-0.04885530931692722,0.011889766706027795,-0.007947231189547915,0.008293557880399064,0.1872034345881482,0.011077628375582273,-0.2500404660346153,-0.1328811112718828,-0.016241662031098354,0,0,0,0
2.32,0.19830826738061408,-0.01581212770996217,1.0206295211521965,-0.046146374417908725,0.012018417809873484,-0.007332036053645558,0.011352564762100621,0.1829105350588175,0.013148933941090277,0.0673265534258085,0.0031974321049554736,0.015289761374344778,0,0,0,0
2.36,0.1989086446110579,-0.008459414116132252,1.0211234475248805,-0.04490057478825227,0.012993302886359581,-0.006814925756107465,0.014984793744402904,0.18351611466637632,0.012327890606575962,0.031093868239232835,0.024332121630997943,0.012906537354834404,0,0,0,0
2.40,0.19951156125808742,-0.0013844377491259864,1.0214418369140807,-0.04866841253303933,0.012383877694385856,-0.009268957934623494,0.015184981471066047,0.17818944885752966,0.008018914387933979,-0.09489627898393932,-0.015348904850638093,-0.061806940219285525,0,0,0,0
2.44,0.19987175638110646,0.005891183355559981,1.0219648211792043,-0.04522249867582336,0.012055683430912095,-0.005411108549606952,0.008968216678693092,0.1811500000110934,0.013021376219263659,0.08579711426573008,-0.008171452303037242,0.0960535748196727,0,0,0,0
2.48,0.2002706452579555,0.013042737827922295,1.022508125473963,-0.04495225893340876,0.011949525307324182,-0.00632315370371232,0.010031966875473659,0.1798600104911895,0.013663982639417219,0.0067964696477758905,-0.002669853287985926,-0.022937733554260938,0,0,0,0
2.52,0.20075597123714262,0.02014952681278423,1.0229415643999478,-0.047836420898763186,0.012079055266507821,-0.00878699647679974,0.011801017402393659,0.1728062046584945,0.010539349896307918,-0.07013027738897541,0.0031496053539472203,-0.05990994236629483,0,0,0,0
2.56,0.2010155874284724,0.02730431605275985,1.0235379530352722,-0.04479638318255165,0.010670826471378791,-0.006183310131095338,0.0066652133153737685,0.18368729726260746,0.015311284912320982,0.07804790510771072,-0.036153928875969375,0.06684531042365496,0,0,0,0
2.60,0.2013498233525525,0.03440401727509148,1.024114680666389,-0.04439378222787916,0.010390599916821147,-0.006189530555801776,0.00835949357968328,0.17756890420769492,0.014424394812783672,0.010069354767958515,-0.00700867834637654,-0.00015557753266494547,0,0,0,0
2.64,0.20181549430995138,0.0412477215967899,1.0244782786013986,-0.04827002270413953,0.01076772727959438,-0.010327305622198229,0.011670235113507572,0.17151088598625136,0.009112170988824192,-0.09714292247713512,0.009451233583224621,-0.1036972718706459,0,0,0,0
2.68,0.20190851333579138,0.048509449656066156,1.0252868395926695,-0.045220692285835425,0.007609564873318514,-0.0054209834950434245,0.0023244664551032254,0.18146441684848894,0.020205252464664144,0.07620017737087534,-0.07891979631977414,0.12260482304038789,0,0,0,0
2.72,0.20229001192992602,0.055393309472162464,1.0257328128574625,-0.04465714265958868,0.009761025132388135,-0.00680628459547154,0.009495985753379958,0.17134803573835797,0.011100842398827204,0.014027467740216785,0.05355258520789737,-0.034481908232574986,0,0,0,0
2.76,0.2025789609188262,0.06239728616353556,1.0261895231508331,-0.04501544330234409,0.010470329726660385,-0.0064592228840492484,0.007232741714698613,0.17531798459405093,0.011432009514781809,-0.008968697260800943,0.01775474953882705,0.00868737325343521,0,0,0,0
2.80,0.20292595873954336,0.06924716606580407,1.0265680115937328,-0.04451339661070512,0.011111056103199915,-0.00719338960817843,0.00856372923622232,0.16905154234811448,0.009340901730545062,0.012390256291096182,0.01581280018373094,-0.01811886030492273,0,0,0,0
2.84,0.20323994893982705,0.07610015393899089,1.0269148607174272,-0.04410788297095359,0.01146886853935393,-0.007740063527377922,0.00793599451042605,0.17320691566962723,0.00876649251823166,0.010249218020382242,0.009043586476631546,-0.01381699561910048,0,0,0,0
2.88,0.20358214733975544,0.0829676775162983,1.0271922597516232,-0.047131593477758374,0.010704994485982139,-0.008809273604465411,0.008580181120243549,0.1721942479952342,0.00695542105538879,-0.07581561985385694,-0.01915315130741764,-0.026809056146727114,0,0,0,0
2.92,0.20369364902893272,0.08993731903528819,1.0278447707670753,-0.04247764224624497,0.011671467677285614,-0.005254669079947133,0.0027821057758658043,0.17390122130675417,0.01628096110740392,0.11612186951898625,0.024114707746442192,0.0886918023533915,0,0,0,0
2.96,0.20393143910556752,0.09678356324555377,1.0281598187191376,-0.04318908024775331,0.010588681310537335,-0.007191697579227258,0.005883631947554122,0.16939639250859087,0.007795220986503108,-0.017603086779803694,-0.026791347014705348,-0.04792783165291935,0,0,0,0
3.00,0.20414939470362728,0.10363958571413892,1.0286525032205673,-0.04300480085625466,0.010644295925389957,-0.007076155542931323,0.005492535023428672,0.17277346333537544,0.012415771394232012,0.004643886281943218,0.0014015020610242466,0.0029116879157179763,0,0,0,0
3.04,0.20431776114479688,0.11043884069643482,1.0291154815189456,-0.04289114087347975,0.010128079997302378,-0.007114328272783949,0.004225738344264602,0.170650827394854,0.011620042179596973,0.0028526905010516474,-0.012956224685193621,-0.0009580767231458026,0,0,0,0
3.08,0.20454605014652036,0.1172204618915142,1.0296824294857103,-0.04295205892899678,0.008625608168429014,-0.0068525891170081845,0.0056702561385049595,0.1684423205678241,0.014081888152695525,-0.001513086375749381,-0.037318486857809544,0.006501093103566799,0,0,0,0
3.12,0.20478489426772317,0.12393832883358939,1.0301938728447375,-0.041795413410676614,0.008239575772781366,-0.007338471928725982,0.006018677847094229,0.16928479018188344,0.012887957214599385,0.029146527546906085,-0.009727702805681799,-0.012243852184607641,0,0,0,0
3.16,0.20525127447035998,0.1305370366242911,1.0306052460612078,-0.03552275695721766,0.012070040646694882,-0.005956048136839515,0.011603907729691018,0.1641810606573372,0.01023529047630973,0.15606864591263703,0.09530499087957336,0.03439579560557004,0,0,0,0
3.20,0.2055486452429331,0.13726834603679755,1.03117607296608,-0.03357717412430018,0.013966040506084257,-0.004243362549254654,0.0074783606295993985,0.16928078997327972,0.014355309416503051,0.048928043376346,0.04768111734551058,0.043071080450342865,0,0,0,0
3.24,0.20574629112405635,0.14404952830544882,1.031752212458402,-0.03300123000837896,0.014605896724618851,-0.002597529603445098,0.004753828697629864,0.16310271020760667,0.01385745271731954,0.013852753474735847,0.015389983523763917,0.039585990078968715,0,0,0,0
3.28,0.20604969186044472,0.15081678433073042,1.0321773058976234,-0.02975819950810178,0.016681254958556158,-0.0018239145648418055,0.007881793207003262,0.17580086721292468,0.01104314584559131,0.08424796878036958,0.05391399053628677,0.020097096100300048,0,0,0,0
3.32,0.2062304665095828,0.15757322009594063,1.0325131635494014,-0.03286639744805684,0.015520433256453518,-0.0037147931133672376,0.004504683570948074,0.16836213116620363,0.008369162674939474,-0.07745249824645628,-0.028926259711713524,-0.047118385087805977,0,0,0,0
3.36,0.20600618330919582,0.16456242486985226,1.0332663861225284,-0.038706068355508674,0.011110129940213515,-0.0038979943120709794,-0.005626873254990952,0.17534692454951273,0.018897037069523344,-0.1465071302281876,-0.11064679714633581,-0.004596197679941018,0,0,0,0
3.40,0.20619285517080485,0.17120872347929667,1.0336242836703122,-0.039523765465605105,0.011051218970881696,-0.005822409077609153,0.0046564208237734805,0.16578804635725566,0.008927545801029124,-0.020396977981432217,-0.0014694998055994413,-0.04800340506914125,0,0,0,0
3.44,0.206276570784661,0.177771498366636,1.0340543145671806,-0.03916904248043631,0.010460317487096221,-0.005645545550766057,0.0020959280725085364,0.16430751070600863,0.010766376632454163,0.008880946197884662,-0.014793978696508378,0.0044280058860979655,0,0,0,0
3.48,0.20628890636971334,0.18437395287319658,1.0345770102571148,-0.0359843487290401,0.010455787053956195,-0.001572552421024648,0.0003042300855396066,0.1628350249120051,0.01289114004606409,0.07854346983086646,-0.00011173317324418424,0.10045142107209501,0,0,0,0
3.52,0.2064884717146213,0.1907560076283123,1.0347908551000362,-0.041711704888863416,0.009688353641790742,-0.006819755652658616,0.005063657189578551,0.16193461575168555,0.005425977024280714,-0.1453226671661832,-0.01947241750227888,-0.13313954074188175,0,0,0,0
3.56,0.20633533204550683,0.19748199479175785,1.0353504198541557,-0.035744252476174396,0.011533883865156497,-0.003025666405382749,-0.0038215934953178695,0.16784670452826614,0.013963913053471418,0.1489175042353188,0.04605512299856539,0.09468132504064351,0,0,0,0
3.60,0.20633026980446417,0.203957845318383,1.0356995331584549,-0.034999976158837424,0.01250388230395811,-0.002007696237025053,-0.00012706053555339346,0.1625416548013,0.008762625690731567,0.018681083473434393,0.024346632268496402,0.02555070643198543,0,0,0,0
3.64,0.20630395221152287,0.21037362647193514,1.0357718819789385,-0.03736598561453827,0.012265306777992153,-0.006311910800708626,-0.000650423280424296,0.15856212358343472,0.0017880570331327051,-0.058474482644518544,-0.005896248816288358,-0.10637604139576258,0,0,0,0
3.68,0.20613347456838182,0.21690938348862113,1.0361071729851459,-0.03511783383535306,0.012625706333966674,-0.004033667461551799,-0.004301299112333883,0.1649028302851598,0.008459683515098442,0.05672282343908791,0.009093194049592787,0.05748205965217632,0,0,0,0
3.72,0.20594713889698668,0.22327891514158382,1.0363175607255308,-0.03422815812725463,0.01129599758930322,-0.0034681339275948577,-0.00462638117996683,0.15814406948404425,0.005223550999790299,0.022089055312935087,-0.03301428795189162,0.014041185343359405,0,0,0,0
3.76,0.20567419873981166,0.22969645354546736,1.0365060430479671,-0.0328892950445591,0.012029834578800802,-0.0033282433762103327,-0.006879068803065941,0.16174493589935127,0.004750429096329219,0.033744141423065,0.018495318509513265,0.0035257425577574332,0,0,0,0
3.80,0.20540681276106923,0.23610841844952696,1.036646988583695,-0.0341354674082497,0.008046765623850802,-0.0033924243319057136,-0.006691795481811807,0.16047048531237454,0.003527405227461459,-0.031187613621791767,-0.0996831732233602,-0.0016062391579419136,0,0,0,0
3.84,0.20515575974078057,0.24252493911991466,1.0367810960084094,-0.03271693451674621,0.010290853356396748,-0.0029338346823959806,-0.0062808988202136045,0.16052990345296633,0.0033551285887798675,0.03548916302394662,0.05614307278835904,0.01147309514641975,0,0,0,0
3.88,0.20479543364460134,0.24894044468725424,1.036971132152974,-0.03148782277835061,0.010128507897977868,-0.0014206072006664296,-0.008984918412594734,0.15997396444309162,0.0047386499963843485,0.03064853977146842,-0.004048168350880135,0.037733113441424104,0,0,0,0
3.92,0.204578603042894,0.25520086249503826,1.0371977380862154,-0.03163671716800475,0.011484931628508062,-0.003775942461530496,-0.005444329466515525,0.15719080644169728,0.005689775105169944,-0.003738541085113762,0.03405800485290109,-0.05913935147194903,0,0,0,0
3.96,0.20422682008872733,0.26150046887731615,1.0372710271174856,-0.033018605408733935,0.010706122060163636,-0.006277252692270347,-0.00873496836785538,0.1564227653084869,0.001819807816933139,-0.03431306130018519,-0.019338279082302533,-0.06210893815325324,0,0,0,0
4.00,0.20372522878234794,0.2679218119323912,1.0375631019237448,-0.030563768661163095,0.010758795126860163,-0.0049128140147496726,-0.012560757664320087,0.16080209718239316,0.007314083826045192,0.06147357240753807,0.0013190292929662754,0.03416802356458621,0,0,0,0
4.04,0.20339945183096128,0.27428069367897456,1.0377859406917542,-0.029395103152786307,0.00954525161022865,-0.0035354425464609153,-0.008120665685913655,0.15850830631345986,0.005554718125892519,0.02913140985508873,-0.030250087220491852,0.03433383844891276,0,0,0,0
4.08,0.2030329330887819,0.2805424933695336,1.0379203428755355,-0.029043672333731667,0.008680140342918558,-0.0031922591971611904,-0.00923259098054711,0.1577344585471507,0.003385585092773366,0.00885252686123798,-0.021792114739463145,0.008644773461183215,0,0,0,0
4.12,0.20268154035300015,0.28695529502395195,1.03797444559033,-0.02865953519022041,0.009149902492468526,-0.0034448521149894997,-0.008726932274981938,0.15926363875023605,0.0013436553457868061,0.009540148370653664,0.011666668223382953,-0.006273212455925327,0,0,0,0
4.16,0.202303451892015,0.29320517724617423,1.0379383473005803,-0.02845708313881134,0.00903446381989853,-0.0027246257159088518,-0.009483309279064996,0.15676110801327456,-0.0009054263260210753,0.005077952954953708,-0.002895461638510609,0.01806489855742401,0,0,0,0
4.20,0.20195028156538514,0.29951071975413257,1.0381251229873674,-0.026656787168128943,0.00865172240170732,-0.0006688289981322927,-0.008832109336296608,0.15768946781680973,0.004670900023811672,0.04502193319153017,-0.009571625354971225,0.05141151454558898,0,0,0,0
4.24,0.20159761665710074,0.30569256878141293,1.038249786903353,-0.026322899617617624,0.008027666319544977,0.00018839033971370083,-0.008792941765008975,0.15413112339807714,0.003108226896719798,0.008324768693288862,-0.015559497584398474,0.021372922398735034,0,0,0,0
4.28,0.20137442535607844,0.3117874332832641,1.0384595533768217,-0.02602757392058808,0.009086858029122555,-0.0019459219318991696,-0.0055866474502168995,0.15255907856947282,0.005250613840135618,0.0073922260622907125,0.026512371389470865,-0.05342345403050111,0,0,0,0
4.32,0.20146233188589296,0.31761367490261255,1.0383631445072272,-0.020312198022701792,0.012651790156260431,-0.00171392550189457,0.002184747396525198,0.14480000787490085,-0.002396056667154659,0.1420446540139369,0.08859951814713389,0.005765824194460975,0,0,0,0
4.36,0.20075397791948604,0.32403192620772603,1.0388876841235322,-0.024584010387506194,0.009087006593761493,-0.0024083487295481322,-0.017838369986409315,0.16162984450714288,0.013209401220182545,-0.10757639977994261,-0.0897714011991519,-0.01748755431535866,0,0,0,0
4.40,0.20050629847829524,0.33000147720219825,1.0390629431492397,-0.023987189037365565,0.009595468398273285,-0.003281584253606068,-0.006180020291286374,0.1489503775458146,0.004373008635260774,0.014891700483531778,0.012686980615424595,-0.021788700878054318,0,0,0,0
4.44,0.20024223621086706,0.33600215685058316,1.0393286751178876,-0.023480602117681028,0.008425745170677415,-0.0027316839875613343,-0.006608140714913354,0.15016660989791128,0.006649924877107833,0.012677304039739453,-0.029272246128685116,0.013761217657423653,0,0,0,0
4.48,0.20005289894581813,0.3418740344360289,1.0395005678332079,-0.023633476234824854,0.008411912037022726,-0.004031956461495051,-0.004706812122639296,0.1459713944567974,0.004273150961875545,-0.0038003598901904367,-0.00034388349891476433,-0.032324002575317146,0,0,0,0
4.52,0.19979662221052322,0.34779874302221,1.0396321216219964,-0.023373114856280876,0.009331915169244337,-0.005149489231506083,-0.0064364650480495675,0.14880078634898833,0.003304011823395526,0.006539052056098258,0.023106147336496765,-0.028067161874638327,0,0,0,0
4.56,0.1995896978630246,0.353846932842484,1.039905630968818,-0.02171853881847315,0.010615828820404336,-0.005802954919787146,-0.005176322365691794,0.15129867807771613,0.006841981459855941,0.041390097655373125,0.032117781345963374,-0.01634679098110561,0,0,0,0
4.60,0.1992850361163503,0.35972221147226324,1.040047148270185,-0.021282624390269796,0.00884381768769843,-0.004507725663265111,-0.007630422606979739,0.14714961549438219,0.0035443793893298815,0.010917718893101563,-0.04438100271667201,0.03243973589750456,0,0,0,0
4.64,0.19903960155639777,0.3656783976479458,1.040363482197746,-0.020058042261591916,0.009429079292030018,-0.0057880538083463886,-0.0060813532724490445,0.1475817924656185,0.00783809079671899,0.03034257497012065,0.014501554196072677,-0.03172384425569474,0,0,0,0
4.68,0.19877070764875826,0.37165676946506054,1.040553933675477,-0.019824777741983192,0.010277618653110068,-0.006078375746340553,-0.006625249175461773,0.1473004847883855,0.004692514259168929,0.005747380369339025,0.020907073543217736,-0.007153212198816177,0,0,0,0
4.72,0.19847413753332854,0.37764813322835594,1.0407743799533322,-0.019050005891638397,0.0109086528846664,-0.005643810853435388,-0.007570477885870155,0.15294018013416677,0.0056272819974029446,0.01977742481278422,0.016108267309072184,0.011093039185513387,0,0,0,0
4.76,0.1981489346527933,0.38366470188899315,1.0410222728519056,-0.0178207386920536,0.011018939091255411,-0.004784978689172975,-0.008099664746502604,0.14985165259073704,0.006174143870369987,0.030616740491724012,0.0027468431339361453,0.021390501192946023,0,0,0,0
4.80,0.19779763755709248,0.3897297804080543,1.0412700113222133,-0.016844193261222946,0.010502784578994312,-0.005005634656538399,-0.00859658932482853,0.14841850356660288,0.006062406764131526,0.023897037944881464,-0.012630814271931448,-0.005399670981421522,0,0,0,0
4.84,0.19746727036878903,0.3956919047147649,1.0414725125527629,-0.015920600416706062,0.012393322362076367,-0.0055198518124888575,-0.008498950676647497,0.1533802453899592,0.005209500311575028,0.023760138139515982,0.048635542328720104,-0.013228632867422095,0,0,0,0
4.88,0.197113485689659,0.4015743139912231,1.0414730806485977,-0.01780404747208253,0.011637428297859818,-0.007243829654792572,-0.008829941474991426,0.14681622101555974,1.4178830428638927e-05,-0.04700804826007425,-0.01886599601977809,-0.043027932948246896,0,0,0,0
4.92,0.1966927643294343,0.4075498584556664,1.0416891109516988,-0.016438011452565442,0.012423900147737622,-0.007461488606138195,-0.010548664160420147,0.14982365453801733,0.005416485425580874,0.034250353234328214,0.019719054462921794,-0.00545732020363303,0,0,0,0
4.96,0.19609710136701336,0.4135892072885234,1.0418967729937834,-0.013424928808761305,0.010686097034573128,-0.0023997972715295414,-0.014811427234610035,0.15017112264078414,0.005163609993854749,0.07492165393193187,-0.04321125532818528,0.12586122961533325,0,0,0,0
5.00,0.19553415986918515,0.41958759887583363,1.041995022472599,-0.01217939056031997,0.012928528624191957,-0.00414182436100034,-0.014065502514516395,0.14987417392368838,0.002454834643850669,0.03112067849495133,0.05602878324674514,-0.043525813076201125,0,0,0,0
5.04,0.19491031488573896,0.42553622148368886,1.0419493345386566,-0.012271594880054337,0.012752131435253715,-0.005181590758850424,-0.015639860070939083,0.14913260131986636,-0.001145401362115716,-0.002311572100196275,-0.00442229628370336,-0.02606705415663914,0,0,0,0
5.08,0.19430708332443497,0.43143302464444055,1.0418888677011224,-0.01320570004488739,0.012445087158310428,-0.007340037439604247,-0.01511070562890319,0.14771252439293764,-0.00151466972370264,-0.023398955024366536,-0.007691334441951367,-0.054068212773963696,0,0,0,0
5.12,0.1935110255057321,0.4374581695984979,1.04201002237417,-0.010829018617708061,0.011217944506847613,-0.0050294646859894545,-0.019770659355151713,0.14963873936466082,0.003008962055055603,0.05902656539325663,-0.03047695628664446,0.057384709695394054,0,0,0,0
5.16,0.1927205376960179,0.4433887663926545,1.042040158004782,-0.009806317164040835,0.00915508674175719,-0.004242937468925051,-0.019857969623422376,0.14898346254031214,0.0007570419555149386,0.025691445397616607,-0.05182137704491307,0.0197584749473961,0,0,0,0
5.20,0.19199402304515759,0.44929376580411656,1.041964493553047,-0.0083135777890712,0.011343957023097352,-0.005530345155495814,-0.018124640484886632,0.1473142919684816,-0.0018876301855154727,0.037239943443563996,0.054606588966050265,-0.03211745482206498,0,0,0,0
5.24,0.1911152254822785,0.45528328838215615,1.0418790090320187,-0.008111208127769524,0.010087094185603634,-0.004255950808535397,-0.022096661670007935,0.15060175353493044,-0.0021494398926148635,0.005088423235275245,-0.03160281054344014,0.03204362632356252,0,0,0,0
5.28,0.1904620975950638,0.46106304692739597,1.0416783760368804,-0.010806699974304666,0.009979025062399074,-0.008237364025682575,-0.016252555041180755,0.14382457971874463,-0.004992588527291018,-0.06707511722656809,-0.002689212032615134,-0.09907422224661248,0,0,0,0
5.32,0.18942766987526619,0.46712464504825313,1.0418334327534893,-0.006301687070264495,0.009955157021321853,-0.0040512864292641506,-0.02587521513172876,0.1516250506608122,0.003878594727390894,0.11268856763241036,-0.0005970361058836196,0.10471070746888787,0,0,0,0
5.36,0.18851718399985026,0.4731859959113793,1.0418190747802683,-0.003888330081309557,0.011074742968419635,-0.0033044558146955562,-0.022751862096661902,0.15146530295632626,-0.00035878714380174054,0.060306663601601765,0.02797700190801209,0.018662329214572195,0,0,0,0
5.40,0.18757808616234756,0.47905067305569743,1.0417353466723025,-0.0030968765492437877,0.01126603602345097,-0.004410979844827784,-0.02355102492244421,0.14707643024204897,-0.0020997628560771304,0.019848349249961636,0.004797314322982348,-0.02774979769970178,0,0,0,0
5.44,0.18655248881635453,0.48506155901159914,1.0418018934346398,-0.001815721385644462,0.01025460918431205,-0.004198077555710261,-0.025621632065184436,0.15016488580982046,0.001662481544435756,0.032006017125922055,-0.025267622263763206,0.005318758028106051,0,0,0,0
5.48,0.18553080717158527,0.4910838866222935,1.0417150511503543,-0.0019095374029739843,0.010380630757248849,-0.003999680050986759,-0.025534455610005218,0.1505134772964562,-0.002170412343719189,-0.002344703893108676,0.003149603672075821,0.004958464609239572,0,0,0,0
5.52,0.18448232059622424,0.497012214331634,1.041725044461818,-0.0008967085852416501,0.011330931729888645,-0.006624900660721783,-0.026131818293538722,0.14775390179096334,0.0002490669937567393,0.025243106825976892,0.023684702241080696,-0.06542934317535445,0,0,0,0
5.56,0.183318009674289,0.5031344891487555,1.041824560187645,0.0007788265247857007,0.008920315396647352,-0.004720958617359367,-0.029269174495895736,0.15390556470629876,0.0025016884145301174,0.042120647144558536,-0.06059957763087912,0.047862483162676925,0,0,0,0
5.60,0.18220696567154598,0.5091662311002644,1.0417834932186463,0.0023871486236837682,0.010195266866858954,-0.006364691117965821,-0.027722259068406526,0.15050125161620967,-0.0010246841267553888,0.04013011346176968,0.03181200282760297,-0.041013657522538355,0,0,0,0
5.64,0.1810606478636475,0.5153134667502346,1.0419180676029085,0.003536175280218068,0.010008173324142416,-0.006051435348214435,-0.02861141579303055,0.15343137299897458,0.0033588971894945694,0.028679027055898355,-0.004669744381505816,0.007818679092453316,0,0,0,0
5.68,0.17988270987217966,0.5215039460807878,1.0421373176326336,0.005141812094371541,0.008333592398809347,-0.0050402102609881485,-0.029499116508833897,0.15502825474705925,0.005490681358674085,0.04020998371277954,-0.041936551989731514,0.025324123069986156,0,0,0,0
5.72,0.17875461866372105,0.5276310769385342,1.0420745472853092,0.005309942311724625,0.010247111851059379,-0.00697399140349812,-0.02814493419942883,0.15286680148690293,-0.0015660677805777125,0.0041947086094252135,0.04774071340072877,-0.04824622566326507,0,0,0,0
5.76,0.1775765902028912,0.5338509204295367,1.04215272833038,0.0073967402883977,0.009419611848396223,-0.006045366209548581,-0.029429865123040893,0.15538602089263906,0.001953142634592479,0.0521330214290926,-0.020672856622273302,0.023199196892527467,0,0,0,0
5.80,0.1763415255316626,0.5402164018331386,1.0421302898347513,0.008234375362347099,0.01071382802601617,-0.00599988574457892,-0.03092678621368858,0.15939560664509103,-0.0005618738625031798,0.020974902335559747,0.03240797666063317,0.001138859081457355,0,0,0,0
5.84,0.1751133949249921,0.5464461245885837,1.0421030069977189,0.009996960238364636,0.011051475498231378,-0.00657543375946838,-0.030544719413675994,0.1549388416480634,-0.0006785488428016465,0.04383708067230695,0.008397598141056168,-0.014314399892334226,0,0,0,0
5.88,0.1738605696766668,0.5528296832774153,1.0420376275725698,0.010063620420675799,0.010322383560038076,-0.0073118156804328595,-0.03144097379496055,0.16020215247293382,-0.0016407657776605,0.0016729077323546784,-0.018297332811176445,-0.01848028263405134,0,0,0,0
5.92,0.17253204660823482,0.5592386694830647,1.0420899947587,0.010930757856957145,0.00822709181751434,-0.0051124458380809425,-0.03314357034103715,0.15988934642466177,0.0013064398792216483,0.021633068553832867,-0.05227267098590491,0.05486917826875411,0,0,0,0
5.96,0.17122553454377468,0.5657321365972996,1.0421199035756659,0.01280123466363886,0.00914432910943061,-0.005971545120279126,-0.03274813265612949,0.16276077981954776,0.0007496738317483095,0.04688408493245493,0.022990838990250576,-0.021533591631881975,0,0,0,0
6.00,0.16990381905837396,0.5721688875722949,1.0420946142609322,0.014196573802428596,0.007659260925059877,-0.005374790105605415,-0.033047252144728374,0.16094003196081477,-0.000632316387151597,0.03488808662403781,-0.03713160909674458,0.01492084617028915,0,0,0,0
6.04,0.16862683722209543,0.5787161421917156,1.04192147988089,0.015971819806577567,0.00945790501411127,-0.0051395079650203125,-0.03185944159551723,0.16334756707762474,-0.004319532598212241,0.04429064281108791,0.044874402030066415,0.005870058135113806,0,0,0,0
6.08,0.16733396264147868,0.585253807224356,1.041859510638585,0.016868120191329137,0.009414406601068681,-0.0030844937877437086,-0.03241773491104014,0.1639264126178521,-0.0015538262564660592,0.022473972888908445,-0.001090685859407111,0.051527739686553775,0,0,0,0
6.12,0.16600193923091217,0.5918148538447385,1.0417773197638591,0.01806213529739049,0.010217990049687029,-0.003053713168722533,-0.03332365748337529,0.16413981058868593,-0.0020561955112045525,0.02987105940386005,0.020103505230195932,0.0007700486322171187,0,0,0,0
6.16,0.16469438341578074,0.5983202899004341,1.041647340210549,0.01906492030827084,0.010559816093432123,-0.003216626466941358,-0.032590826943842514,0.16214798498991548,-0.003239740192460206,0.024994415055387763,0.008520013683297325,-0.004060613740275924,0,0,0,0
6.20,0.16344337867300296,0.6048521829176295,1.041547988492341,0.019474695851337227,0.010535319067747517,-0.0037499769417220054,-0.031250933262568815,0.16317104626267145,-0.002481872217642026,0.010236466506566472,-0.000611952048320114,-0.013323450761601218,0,0,0,0
6.24,0.16204312905072676,0.6113595883105309,1.0414031447462322,0.02137609813740989,0.010374329489502468,-0.0033785118608132105,-0.03497312939071127,0.16253125670107313,-0.0036176685881674866,0.04749009542064128,-0.004020932597266279,0.009277843130309962,0,0,0,0
6.28,0.16071117024251685,0.6178031632752251,1.041347893023261,0.022870896733613977,0.010195180005495158,-0.004082066313905658,-0.03339394576711831,0.16154883438666187,-0.001385232808304489,0.0374765517872811,-0.004491511386292453,-0.017639028403858246,0,0,0,0
6.32,0.15932102494961797,0.6243198646990401,1.0412483081914745,0.024490812976938687,0.010514543873646046,-0.004479980129131794,-0.034810516917139,0.16318419831110184,-0.002493695795179877,0.040564192880164565,0.007997165038631748,-0.009964127970830962,0,0,0,0
6.36,0.15794995493364522,0.6308085604110788,1.0410115748363975,0.02560137861472695,0.00901215413107373,-0.0023657269580244335,-0.03421926554723233,0.16194534125808815,-0.005908408357628697,0.02771757825959434,-0.037496752870089585,0.05276768498570869,0,0,0,0
6.40,0.15655970148898737,0.6372604754023671,1.0410460223732378,0.025794022938784206,0.007508425322855103,-0.003618402948965466,-0.03470176381217229,0.16104461458033031,0.0008598362348520428,0.004808546138747905,-0.03753419359676866,-0.031267727864909514,0,0,0,0
6.44,0.15517803531803126,0.6437376091119937,1.0410114586208956,0.028278031876245155,0.00840503168095813,-0.0044824103382106574,-0.03466441725290357,0.16250384516396854,-0.0008671648464752004,0.06232093111789952,0.022494823686232405,-0.021676953000638027,0,0,0,0
6.48,0.1538314187910599,0.6502398256601271,1.0411233809043672,0.02985893296880718,0.008526091772195626,-0.004382987412177281,-0.033601355719142155,0.1622461085399768,0.0027927330346115427,0.03944732513229231,0.003020743550661508,0.002480843682944437,0,0,0,0
6.52,0.15250211799244487,0.6566913444121498,1.0411999817083533,0.030759652657297496,0.008011211969591814,-0.004951331202847781,-0.032938645923555165,0.15986170478755177,0.0018980856421556241,0.022318866374313552,-0.012758168451283943,-0.014082948647327282,0,0,0,0
6.56,0.1511817483639757,0.6631438219075293,1.0412873437071246,0.032463436703135215,0.00843446546344541,-0.005309299284049812,-0.033173784678128676,0.16211604270264826,0.0021949369887065673,0.04280692607280057,0.010634083037523124,-0.008993811877668654,0,0,0,0
6.60,0.14987720543087596,0.6696651971115257,1.0414546825991173,0.03409334354328544,0.008944232372337269,-0.004926488293527859,-0.03286355013016482,0.16428400744536223,0.004215537814966296,0.041059994109584975,0.012841854369070496,0.009643629088928211,0,0,0,0
6.64,0.1486234803672966,0.6760840644773254,1.0415516596397594,0.03423108768341915,0.0101581655768751,-0.006241260334011217,-0.03127734750376869,0.16013490597973526,0.0024193379299514354,0.0034363764933196196,0.030284638783796846,-0.032800318979851376,0,0,0,0
6.68,0.1477210584651923,0.6823193501674948,1.041480053236266,0.04255857976264528,0.014945598192927213,-0.004613168372209747,-0.02247737016196497,0.1553074279300225,-0.00178356003276727,0.2074197462950745,0.1192445515623443,0.04055223570903632,0,0,0,0
6.72,0.14636577382341556,0.6889160551147357,1.0417737653409571,0.04397088189088415,0.015266464421431605,-0.004344299569275995,-0.03408551723106951,0.16590765748860745,0.007386882944602241,0.03551951157983581,0.008069811332191361,0.006762071916701649,0,0,0,0
6.76,0.14461831491387744,0.6956994401788116,1.0423374423497824,0.039823569902341406,0.009459965462200584,-0.0028982882490738273,-0.043430495755010755,0.16859096063541643,0.01400935484397491,-0.10307527961313796,-0.14431190743535835,0.0359384636519648,0,0,0,0
6.80,0.1432540892465388,0.7021462886313592,1.0425245582659917,0.04116465274888498,0.010823373280225757,-0.0038117484887252697,-0.03404337944312605,0.16087698196630318,0.004669358074596229,0.03346586514430172,0.03402297053632074,-0.02279481634833027,0,0,0,0
6.84,0.14189977858175765,0.708580153093761,1.0427142815430954,0.04293869047249751,0.010458294296324736,-0.003510007553196898,-0.033762009881450075,0.16039170421110324,0.004729667514914925,0.04422550948777358,-0.009101161633374471,0.007522188750240073,0,0,0,0
6.88,0.14047680117979103,0.7149974815599758,1.042909977919144,0.04424467064671971,0.009432468181146167,-0.0016311426782598505,-0.03584409230063177,0.16164930908148792,0.004929494281700388,0.03289699038292528,-0.02584004911535602,0.04732767077297434,0,0,0,0
6.92,0.13903344246312468,0.7214280768020827,1.0431685831530646,0.04564923535579391,0.008368977334623606,-0.00029441056725047505,-0.036070242610336936,0.16070373070348332,0.00646267169769433,0.03510076132372524,-0.026577158127773316,0.03340559141146755,0,0,0,0
6.96,0.1380317239825374,0.7274120055122352,1.0430489525876552,0.05285189048199949,0.014101559609854847,-0.000540297562074782,-0.024971690093973518,0.14917246331200143,-0.00298225246220828,0.17955391175365704,0.14290668565019818,-0.006129680096638772,0,0,0,0
7.00,0.13614565162645378,0.7339541745457511,1.0435007373354979,0.04873381979744187,0.01085958467889464,-0.002587162162709861,-0.0471690039854927,0.16361386996650112,0.01129873756053911,-0.10298931104413404,-0.08107892994989069,-0.05119027602185971,0,0,0,0
7.04,0.1346369120350348,0.7402185481387492,1.0436764311093827,0.05018437599436409,0.010152882361938578,-0.002492883141884933,-0.03793559518048453,0.1575107739167834,0.004417626421241901,0.03647263781368041,-0.017769251341738478,0.00237054213223316,0,0,0,0
7.08,0.13316689260175182,0.7462763291824002,1.0436747466655112,0.05110114039643043,0.009585733928669862,-0.0031270689161917832,-0.03668645101060033,0.15118064595548972,-4.2037721524380306e-05,0.022879175311007544,-0.014154005546977114,-0.015827018891014302,0,0,0,0
7.12,0.13160131773362138,0.7524028946573529,1.0436306642011157,0.05266680539741631,0.009977753851122984,-0.0031986532120285406,-0.039059554065365897,0.15285178644294725,-0.0010998141554517226,0.03906180279151221,0.009780511726049526,-0.0017859578167640896,0,0,0,0
7.16,0.1299821208118558,0.7585243490145641,1.0435762790179084,0.054272954330642255,0.009129479698140527,-0.002099703831601113,-0.04004318419446125,0.15138524602462528,-0.0013449605043998893,0.03972050385741503,-0.020978052575741604,0.027177319737528335,0,0,0,0
7.20,0.12839168907407225,0.7646416279894481,1.0434432037287633,0.05611949999912041,0.00967872869792609,-0.001966859684513084,-0.040120010822833556,0.15431363248614846,-0.0033569388197652165,0.0465807053796872,0.013855279225335792,0.003351108062235578,0,0,0,0
7.24,0.12673622467255313,0.770562764061779,1.043392229164172,0.05731891080591125,0.006984837520118456,-0.0003531162604007267,-0.04164330243345396,0.14894651916612792,-0.0012822681102314948,0.03017124797326374,-0.06776498784106363,0.040593808842184484,0,0,0,0
7.28,0.12516310067244893,0.7764954915153408,1.0432013885570732,0.05859581586801414,0.008788738120808631,-0.0017894355446060163,-0.03917798465773869,0.14775205587022502,-0.004752804214093946,0.03180077789744629,0.04492537781716121,-0.03577092134916357,0,0,0,0
7.32,0.12349524489274485,0.7824410949455949,1.0431281266285932,0.06032858092208084,0.008428930809832827,-0.0015769238498315854,-0.04111344728056797,0.14656198464850864,-0.0018059417791926233,0.042713492117778765,-0.008869423298452903,0.0052385155035184925,0,0,0,0
7.36,0.1218111551686935,0.7883151960861848,1.0430034004312412,0.06146775166408224,0.007938861092105648,-0.0017943132886942105,-0.04222106554660799,0.14726698093473392,-0.003126955101365592,0.028559643752895627,-0.012286320247112839,-0.005450074076385322,0,0,0,0
7.40,0.12016749190950604,0.7940835560321432,1.0427527422571972,0.06305828260019175,0.008688487804178607,-0.0020916607019894453,-0.04133181881366554,0.14505210042610459,-0.006303090475401315,0.03999574493215021,0.018850233019505516,-0.007477145542029271,0,0,0,0
7.44,0.118520878561771,0.799783260479182,1.0425581458380462,0.06450618660910884,0.007859512063453658,-0.0027582968011244215,-0.04142065366538204,0.14337639386962014,-0.004895084139372217,0.03642210879473775,-0.020852932536228202,-0.016769269495533277,0,0,0,0
7.48,0.11688092088887014,0.8054979680971632,1.0423602058413028,0.06614343399083399,0.008027740305456374,-0.0035632353701744836,-0.039532636152066196,0.13775810236460273,-0.004771519412055268,0.03946730217626545,0.004055291177016348,-0.019403759073082283,0,0,0,0
7.52,0.11522583246615792,0.8111013980655571,1.0421429541716987,0.06778482523632533,0.006838525103917789,-0.0034595014008853954,-0.04296847586167021,0.14547310103525316,-0.005640165802137223,0.04261287744124014,-0.03087373700427765,0.002693083036693095,0,0,0,0
7.56,0.11359012258722437,0.8166973134672819,1.0420975258231358,0.0696781914163068,0.004635948399751191,-0.0019653241816864177,-0.04082513828057426,0.13966658942645532,-0.0011338310270206944,0.0472558961152097,-0.05497337864083771,0.03729267174766527,0,0,0,0
7.60,0.1120383314366853,0.8221715605898205,1.0419038614397764,0.0715607007470433,0.004251832389463361,-0.002623683552575068,-0.03900451746791274,0.1375960724099735,-0.0048677850888809064,0.047317171546385914,-0.009654817033704598,-0.016547967536140407,0,0,0,0
7.64,0.1104297104045218,0.8276906130035943,1.0416988821241828,0.07248535028759814,0.005134108251599961,-0.004511619993816479,-0.040146408921091094,0.13773917574750066,-0.005115675637485808,0.0230765095206346,0.022018988210607993,-0.04711729293080855,0,0,0,0
7.68,0.10891346258291426,0.8332038286656441,1.0414143075728801,0.07350223770927954,0.004788960667791262,-0.0030115886531077276,-0.03778102456608413,0.13737525844897128,-0.007090871268161872,0.0253382383222515,-0.00860019658856022,0.0373769512645554,0,0,0,0
7.72,0.10741575234295389,0.8386053952487541,1.041374074943593,0.07579654297430154,0.005275878469084061,-0.00520552248091048,-0.03751568894035535,0.13530220086358882,-0.0010077749122096005,0.057469355794123704,0.01219665612575752,-0.054955182146413734,0,0,0,0
7.76,0.10591382100490741,0.8440993920343783,1.0411864209880433,0.07749830300178291,0.005697400722074489,-0.005863562993261334,-0.037506960822673026,0.13719876333782374,-0.004686185966513549,0.0424971801729326,0.010526458985375799,-0.016432908143841816,0,0,0,0
7.80,0.10442349945599148,0.849596706252947,1.0410192469252721,0.07920788501893582,0.005928969085792768,-0.004969345704876543,-0.037085436829390625,0.13679618289914477,-0.004159990271173659,0.04254155483956085,0.005762389955782651,0.022251868252368585,0,0,0,0
7.84,0.10296401544604841,0.8550756425455808,1.0408156473508092,0.080157679022733,0.006850407278926329,-0.004892005046961229,-0.03669513802722837,0.13775438588630248,-0.00511901085335854,0.023880235637614947,0.023167298476887616,0.0019445407404153905,0,0,0,0
7.88,0.10148239715906812,0.8604329031073193,1.0407255013253995,0.08235144589429577,0.004436114287752563,-0.002641932777467643,-0.03705551154149323,0.13398594787925364,-0.0022545665873202427,0.05486646212650382,-0.060381855829628954,0.05627466918037748,0,0,0,0
7.92,0.10001526711127204,0.8658761985232516,1.0404054697634169,0.08418696356182043,0.00836377383364681,-0.004345021824677259,-0.03663134306816185,0.1359083484806937,-0.007990556772549107,0.04582925521004204,0.09806591071917721,-0.04252277380432701,0,0,0,0
7.96,0.09849256813051473,0.8713019596492378,1.0402022320039817,0.0852636032774122,0.007768372045819011,-0.0033380468420050437,-0.037778383646757965,0.1346139243432273,-0.005042358433596646,0.026711588264630808,-0.014772005136128183,0.024983196087225552,0,0,0,0
8.00,0.09695572672377342,0.8766679791141774,1.0398167263686877,0.08670904191217066,0.008095503747219249,-0.0031759359808501255,-0.03887921867161664,0.13575027537545603,-0.009752572925214273,0.03656689916777921,0.00827582136801365,0.004101102164634145,0,0,0,0
8.04,0.0958250500711452,0.8816876939284987,1.0392516474790636,0.09344369067908506,0.012017840892267415,-0.0034858625534222422,-0.028187474259711614,0.1251401820236383,-0.014087269440791066,0.16789303849543313,0.09778284274019497,-0.007726388677497219,0,0,0,0
8.08,0.09389489593084893,0.8872203860946379,1.039104315268358,0.08961250157542906,0.008084472636216408,-0.005210585747145208,-0.04816776876137121,0.1380705464515602,-0.0036767342608637304,-0.09560885681268011,-0.0981587784391675,-0.043041157303566384,0,0,0,0
8.12,0.09230524995456087,0.8924443247029309,1.038629124072689,0.0911313636892128,0.0077937625807804195,-0.005621168989608,-0.039940925263003337,0.1312549741544067,-0.011939498677665082,0.03816243306770743,-0.007304285841357845,-0.01031618036095115,0,0,0,0
8.16,0.0907079743826082,0.8976713750930795,1.0382037258090688,0.09364725753645071,0.007197960381334537,-0.004695677359887446,-0.03986420869433189,0.1304547764127754,-0.010616931390511968,0.0627907413975339,-0.014869809340549125,0.023098075322678845,0,0,0,0
8.20,0.08910165754965929,0.9028123222847311,1.0377374295542727,0.09524018883483748,0.007039633184605931,-0.0056343013873497,-0.0401156369951888,0.12838835223629216,-0.011645131835713972,0.03978135098481565,-0.003954012197438368,-0.023440892847715916,0,0,0,0
8.24,0.08742849558646767,0.9079899910216896,1.0373097072300563,0.09666125910262377,0.005175858241160014,-0.005460696353457623,-0.04174126343412609,0.12917006212104265,-0.010670616834796273,0.035452197522421444,-0.04649658706554637,0.00433101732683226,0,0,0,0
8.28,0.0862011141884619,0.9129238562018551,1.0365332110127137,0.10339474005398437,0.011046169784490772,-0.005399362774350086,-0.030791563483131296,0.1237768660655233,-0.019480116457333826,0.16892418812371374,0.1472696839351774,0.0015386878095153184,0,0,0,0
8.32,0.08453068886893238,0.9180275453745383,1.0361056154762875,0.10480796750500174,0.010073391541731244,-0.006210365537001644,-0.04171765518118391,0.12746091822764558,-0.0106788869499792,0.03529432582519241,-0.024294427787187833,-0.0202542030510017,0,0,0,0
8.36,0.08244407536957012,0.9234303058414794,1.0359113108841373,0.10144161609554062,0.006041846309918053,-0.007983466393002552,-0.050999914611546966,0.1320514424759795,-0.004749091104471503,-0.08227859854613719,-0.09853691766007595,-0.04333720273608167,0,0,0,0
8.40,0.08075947122373123,0.9286425352495912,1.0354856885690231,0.10358499837854042,0.006117002800984622,-0.007177068905983392,-0.04136875454369542,0.12799650264556955,-0.010451989641466649,0.05263495033996222,0.001845614851998404,0.019802669836441744,0,0,0,0
8.44,0.07905567313783786,0.9337492509492421,1.03510534408401,0.10539997134721199,0.0066514016856488445,-0.00714249220683198,-0.04433568338775257,0.1328853062376071,-0.00989720132064972,0.047228640272922714,0.013905955141872296,0.0008997436954900468,0,0,0,0
8.48,0.07733769010616352,0.9389112929455834,1.0346876301294154,0.10703476081890667,0.0063481767049129445,-0.007383916784217165,-0.04288826453874601,0.12886682733032326,-0.010427941519720617,0.04081139454495445,-0.0075698030474044015,-0.00602699849192315,0,0,0,0
8.52,0.07558976380366217,0.9440652263576768,1.034386747211322,0.10944049499889534,0.004164251529081467,-0.005218979940816476,-0.043812580122907716,0.12918572152746496,-0.00754176931700197,0.06030083840739597,-0.054741093266704136,0.054265141943794344,0,0,0,0
8.56,0.07416432191825222,0.9490688752167601,1.0335638679768193,0.1155304169561741,0.011111338122071601,-0.0068087413009812305,-0.035726797185128466,0.12540977629730413,-0.020624369060457694,0.15263576078963412,0.17411944764335505,-0.039845245371771476,0,0,0,0
8.60,0.07192168304861067,0.9544839260600486,1.033437171692202,0.11204931435666822,0.006634701974917473,-0.0075010329318792425,-0.0557708358916934,0.13466363934666453,-0.0031507336259679864,-0.08656944478547308,-0.11132676923131239,-0.017216183781821746,0,0,0,0
8.64,0.07007473219998482,0.9596602924764949,1.0330001049593545,0.11452306088329885,0.005503581112801331,-0.00504708093872201,-0.04646656468940886,0.13022975956552313,-0.010995955647957066,0.0622358213216144,-0.028457335911328804,0.061737819996445155,0,0,0,0
8.68,0.06814299708738751,0.9648886152573937,1.0326098133088866,0.11607289950850551,0.004574245165721469,-0.003838258409518941,-0.04805938886705152,0.13007476853896133,-0.009710015663679529,0.03855823538344022,-0.023120829236669384,0.030074139887694612,0,0,0,0
8.72,0.0661370494506119,0.9701169314392449,1.0320631046838349,0.1170668913095871,0.00726655881619559,-0.0057298980607940865,-0.050258379011018116,0.13099379636813194,-0.01369761043743222,0.024904147923274646,0.06745506083078388,-0.04739442884903736,0,0,0,0
8.76,0.0641632360530394,0.9752071689569531,1.0316276422095576,0.11940314478878533,0.0079247722510499,-0.004677008851407466,-0.048633726898153054,0.12542078272820179,-0.0107295669765143,0.057564060418236036,0.01621803381756814,0.025942637904017223,0,0,0,0
8.80,0.06216607518155417,0.9802645930618912,1.0312611055275895,0.12080416289546818,0.00783157752474943,-0.00471177622129319,-0.05047573036012179,0.127820036473972,-0.009263753856921377,0.035408971401478063,-0.0023553795504863504,-0.0008787015671788908,0,0,0,0
8.84,0.06017047191741024,0.9851556162127136,1.0308586925552226,0.12361573996907649,0.0056496976804348426,-0.0029666418771395033,-0.04980374474579135,0.1220639758042356,-0.010042914500221512,0.0701677880684245,-0.054452600266138615,0.043552857917692686,0,0,0,0
8.88,0.05798238166139138,0.990211397657545,1.0305036111056094,0.12489696792119925,0.006462332236144397,-0.003496836656254482,-0.05487107017494702,0.12678459569272124,-0.008904431197913813,0.032129547068567486,0.020378559618493844,-0.01329577463780714,0,0,0,0
8.92,0.055880413632861566,0.9950630162519042,1.0300839037233556,0.12669115021845478,0.0074097926146109855,-0.004563653309777743,-0.05212146042799372,0.12030318403771408,-0.010407276142435206,0.044489450047638844,0.023493705876144265,-0.02645332433026048,0,0,0,0
8.96,0.0537071975021293,0.999916881384511,1.0297922480336712,0.1283331756336736,0.006906035515780742,-0.0049161513041811435,-0.05276791194856349,0.11785681336779619,-0.007081698656164751,0.039870057700324014,-0.012231737956767883,-0.00855901208705661,0,0,0,0
9.00,0.0515513268971565,1.004619519422725,1.0295999488545517,0.13039924432620592,0.004591368614301289,-0.004042850741236931,-0.05561356701653717,0.12131084077563754,-0.004960614640097783,0.053297006521578746,-0.05970992996957358,0.022527956580905464,0,0,0,0
9.04,0.049307070002355284,1.00941937693791,1.029323805143525,0.1302832582335197,0.005909548871046874,-0.00747496656708328,-0.055852467860636267,0.11945329798184852,-0.006872345042481081,-0.002886527620365113,0.03280534443046866,-0.08541452598457677,0,0,0,0
9.08,0.04698879510641591,1.0142062735119606,1.0292836981005684,0.13354724228499557,0.004667455429545442,-0.005945567864351448,-0.05865191857560499,0.121107582445389,-0.0010147006387877114,0.08257818223134607,-0.031424730312112285,0.03869349935134232,0,0,0,0
9.12,0.04482145166986049,1.0187985875039993,1.0291606684306165,0.13609000019118292,0.0017206875243109404,-0.003610073565075739,-0.05398926952367404,0.11439611907910907,-0.0030647113412721207,0.0633409729234169,-0.07340500078394005,0.058177965276698,0,0,0,0
9.16,0.04244846957752463,1.023562877074304,1.029081904761364,0.1370157189420287,0.002249175270400333,-0.006110422999244397,-0.05933804882619316,0.11913433652024588,-0.0019695397057277494,0.02314823386759702,0.013215199466856597,-0.0625229567835462,0,0,0,0
9.20,0.04061902148745572,1.0280157006877237,1.0287677714292618,0.1447731863991344,0.0062310766836563,-0.005282051072391697,-0.045679069435822776,0.11118153071794097,-0.007843523064194223,0.19369442431455852,0.09942318239588263,0.020683428499993974,0,0,0,0
9.24,0.03874957926244171,1.0322645040014966,1.028520141074364,0.14996622006353114,0.007839594368418315,-0.0055819052256158965,-0.04723328676159384,0.10735017248877016,-0.006256623182709847,0.13120707607384027,0.040640772979699875,-0.007576108539961642,0,0,0,0
9.28,0.03593732294736985,1.0373410637274887,1.0289738584768429,0.14403362895989127,-0.000462749052618866,-0.0051039219860389675,-0.07035511947876114,0.12700192516204303,0.011350793983432804,-0.1484175370780711,-0.2077023919229251,0.011957860223854032,0,0,0,0
9.32,0.03375192598817938,1.0420627180678335,1.02893485919719,0.1448835015109091,0.0015381438361641991,-0.005924880045679076,-0.05428584496106284,0.11728715664298961,-0.0009687525371173074,0.02111106146972319,0.049702714505655075,-0.02039281777058322,0,0,0,0
9.36,0.03165600213371705,1.0465614363660396,1.0288316526719528,0.14657264193933986,0.002192066926595293,-0.006566296774898545,-0.052481668048516665,0.11264733681406049,-0.002584278329775195,0.04229586254457411,0.016374151421673973,-0.016060993719782292,0,0,0,0
9.40,0.029657373693100366,1.050959366160147,1.0287582359659475,0.14949493093930744,0.000812005696547366,-0.004286631475303432,-0.04968295093845269,0.10932603867279175,-0.001825030870368298,0.07264378814131707,-0.034306283744954515,0.05666911214419139,0,0,0,0
9.44,0.028268573411528657,1.0549250583361234,1.0282512826344752,0.15892375846795512,0.010485156535417844,-0.007036739824236177,-0.034850700156137844,0.09951549605108284,-0.012721540154285275,0.2366079884812232,0.24273906329357378,-0.06901150780087714,0,0,0,0
9.48,0.025594626781951436,1.0598140748285139,1.0286969400543675,0.15316975678707087,0.0016661695547240118,-0.006085970180752559,-0.06669805736642812,0.12195004151090022,0.011116334121617385,-0.14352595147301841,-0.21997795058650893,0.023715689581042705,0,0,0,0
9.52,0.023513330615549333,1.0643531772283346,1.0286282534823852,0.15425533024264554,0.003709386618949026,-0.006987082106975334,-0.051865824788189775,0.11311426675605002,-0.0017116668762694953,0.027052451040102257,0.05091689494654083,-0.02245567643590669,0,0,0,0
9.56,0.021517926071527686,1.0686967202821809,1.0285428342386822,0.1558653441060148,0.0037548033636593953,-0.006977170520374537,-0.04997452267010705,0.10878319960900833,-0.0021393085145001802,0.04032248726464802,0.00113745362810309,0.0002482337783394805,0,0,0,0
9.60,0.019527494490758076,1.0730276939510675,1.0285069312624193,0.158017991999191,0.0030854237799531753,-0.005718634775755666,-0.04977804560709481,0.10831188918817528,-0.000897885668169052,0.05383485975494317,-0.01674029279283383,0.03147430451720138,0,0,0,0
9.64,0.01836385603914014,1.076616306249632,1.0278650165801855,0.16963386452580018,0.010668862985311708,-0.00427393018191839,-0.02916975007127053,0.08995828876767153,-0.016091330448736545,0.29118331212741505,0.1900994471207222,0.03621543433053068,0,0,0,0
9.68,0.016448161113822232,1.0807406715403107,1.0276519579527954,0.17166560531739142,0.010717786533544119,-0.0045142826485993605,-0.047066237621564366,0.1013305167977143,-0.005234585033105612,0.04991733997864483,0.0012019906280299616,-0.005905160660097488,0,0,0,0
9.72,0.013809691578298118,1.0854052944859,1.02797162118897,0.16574200670088432,0.0008607751874813718,-0.0021311898401561837,-0.06623816873400051,0.1171042824601198,0.008025071766304901,-0.14871057610856508,-0.24745799485752468,0.05982699494124959,0,0,0,0
9.76,0.012210620283128968,1.089340745143333,1.0273934932798692,0.17146444815520287,0.008461241277468626,-0.005209211944005515,-0.03972724064784539,0.09777212298030899,-0.01436297846097914,0.14216802555065045,0.18882556788111962,-0.07647021443535751,0,0,0,0
9.80,0.010324548953969606,1.0932593725580082,1.0270479390118976,0.17308280997787925,0.00857254968483917,-0.00638790457182718,-0.04808678208120133,0.09990830125756375,-0.008810161378458355,0.041261330413341735,0.0028378900873375734,-0.03005163943616145,0,0,0,0
9.84,0.008024085405316645,1.0974886650557973,1.027017700135415,0.17001193945359233,0.0041948298558667635,-0.006380440185173958,-0.05738952509067031,0.10550790429162712,-0.0007543674237421557,-0.07660882134253304,-0.10921071195057534,0.00018621360263342871,0,0,0,0
9.88,0.006159319627395465,1.1013625180724262,1.0265761161166747,0.1716490320317029,0.0039664969723233745,-0.0067625648574066,-0.04652185936128855,0.09664422597181037,-0.011016562969605024,0.040841907108125956,-0.005696409930691045,-0.009533181309184702,0,0,0,0
9.92,0.0042849819557645484,1.1051589682216214,1.0262374400802674,0.17357585892041383,0.003049836403169512,-0.00646530709998831,-0.046984508871948945,0.0951666012034871,-0.008489680103077104,0.04830026969930919,-0.022978168392944878,0.007451437354146874,0,0,0,0
9.96,0.0024142726159362927,1.108937302189063,1.0258929600974729,0.17549996423344114,0.0032612572400189527,-0.005700251301467491,-0.04668180024440009,0.0942847869359173,-0.008596175473462146,0.048014246767044994,0.005275809054449682,0.01909125121791914,0,0,0,0
10.00,0.0005847336431838369,1.112621632578568,1.0255128866100574,0.1774440533232536,0.003710825296136769,-0.006197463155300381,-0.045813338855219266,0.09225902213771409,-0.009517389751286107,0.04868177916009036,0.011257597679059933,-0.012450642200973795,0,0,0,0
10.04,-0.001258863534986796,1.1162498316924778,1.0252003786466772,0.17877121595225748,0.003697893035007699,-0.006162245215736645,-0.04549288137473848,0.08952998727021898,-0.0077114935274634425,0.032749264731555684,-0.0003191184215391926,0.000869043175920658,0,0,0,0
10.08,-0.00306963287069693,1.1198875711058975,1.0250253598435892,0.18017858717501625,0.004082422657920512,-0.0054100599662001815,-0.04586191799622206,0.09213415722243405,-0.004432755645197339,0.03564492855910496,0.009739101323045963,0.019050829695368386,0,0,0,0
10.12,-0.004910455500664357,1.123377178448023,1.02485821627031,0.18203630725570222,0.003136277692173825,-0.005165843412733556,-0.04600497959329377,0.08721063721708755,-0.004177174135457129,0.046427272791361836,-0.023645613180148795,0.006103346066956723,0,0,0,0
10.16,-0.006732432095033554,1.1267889059958691,1.0247784811834144,0.18393981158489908,0.0031090154001656156,-0.005076571473279484,-0.04532522578420836,0.08487338525545818,-0.001983565995102136,0.047353387397348345,-0.0006782027521571554,0.0022208138262889638,0,0,0,0
10.20,-0.008526650079136378,1.1301586703805393,1.0247665314856615,0.18616043211615882,0.0025274675935564733,-0.003919868781786112,-0.04512012655343557,0.08474120582823515,-0.00030050522269971057,0.055843091689718925,-0.014624483124996713,0.029088200144743125,0,0,0,0
10.24,-0.01034185113229551,1.1333803305600543,1.0247520720360346,0.18813008701815398,0.0020572189744419572,-0.0037371335765990334,-0.04489147889756696,0.07967441937747126,-0.00035759459078641575,0.048711255050518924,-0.011629651671284397,0.00451919835173166,0,0,0,0
10.28,-0.01209256835374914,1.1365970140516932,1.0248152805561443,0.1899108415573654,0.0024409364890468493,-0.0035045332421857313,-0.04395740318596249,0.08076521521059817,0.0015870537909864059,0.04471158694055409,0.009634465973321345,0.005840181701363376,0,0,0,0
10.32,-0.013506585486525129,1.139450543119833,1.0247041120115565,0.1955963558353477,0.006177108730401754,-0.005575120244230719,-0.03519188334324776,0.07101827817700782,-0.0027667489748816046,0.1415003754758752,0.0929853921995386,-0.05153251296535472,0,0,0,0
10.36,-0.015605972799980234,1.142701269852107,1.0250828454261807,0.193090876312651,0.0011618562918098013,-0.00583401974172641,-0.05298849182723241,0.08204827464741954,0.009559223453857384,-0.06323825068429954,-0.1265848665230205,-0.006534617895040615,0,0,0,0
10.40,-0.017341512100266798,1.145702623883921,1.0253329538520075,0.19455564404162118,0.0008188064114132559,-0.005777899597788666,-0.04208974570161803,0.07278788094208787,0.006065549791437006,0.03552307989459604,-0.008319536311552838,0.00136100783582821,0,0,0,0
10.44,-0.018968272191338995,1.1485670956176108,1.0255130794002105,0.19671698433345472,0.0016616498289901832,-0.006866514708600041,-0.04203839857199306,0.07402308742384703,0.004654767245590728,0.0558529098030189,0.021780585666154734,-0.028131767044776834,0,0,0,0
